SCACODIGO,SCANOMBRE,Localidad
002605,BOLONIA,5
005103,SAN MIGUEL,12
005615,LA SOLEDAD NORTE,10
205318,SAN BERNARDINO XVIII,7
008104,LA PERSEVERANCIA,3
008109,SAN MARTIN,3
004110,LA PEPITA,14
001401,SAN JOSE SUR,18
006520,ZONA FRANCA,9
005508,LA CABANA,10
002619,VILLA ANITA,5
004630,PARCELA EL PORVENIR,7
009215,CASABLANCA SUBA,11
109102,SAN ANTONIO,20
001315,ALTAMIRA,4
001325,JUAN REY (LA PAZ),4
008405,GINEBRA,1
009119,ATENAS,11
008509,LOS CEDROS ORIENTAL,1
008511,CEDRO NARVAEZ,1
002572,SALAZAR USME,5
002553,SUMAPAZ,19
009232,SABANA DE TIBABUYES,11
002539,SAN RAFAEL,19
008308,EL CHICO,2
005305,LA PATRIA,12
005204,SAN FERNANDO OCCIDENTAL,12
105104,EL TINTAL,9
001323,NUEVA DELHI,4
007311,SIETE DE AGOSTO,12
007303,COLOMBIA,12
006315,LA ESPERANZA SUR,9
002510,LA PICOTA ORIENTAL,18
201306,TIBAQUE I,4
002617,EL REFUGIO I,5
004536,EL RUBI,8
102502,EL UVAL RURAL,5
002598,EL MOCHUELO II URBANO,19
004524,SAN PABLO BOSA,7
001344,LOS SOCHES,5
002630,EL PORTAL DEL DIVINO,5
002517,LUCERO DEL SUR,19
004551,HIPOTECHO SUR,8
205101,VEREDA EL TINTAL URBANO,8
205102,VEREDA EL TINTAL,9
009241,BOSQUES DE SAN JORGE,11
102909,SAN BENITO,5
103205,RAIZAL,20
102116,CHISACA,5
005649,VILLAS DE GRANADA I,10
005622,BOLIVIA,10
004548,TECHO,8
004584,SANTA CATALINA,8
001405,VEINTE DE JULIO,4
001412,GRANJAS SAN PABLO,18
009260,ALTOS DE SUBA,11
007107,LAS AMERICAS,13
002563,EL PEDREGAL,5
008114,PARQUE NACIONAL URBANO,17
007309,BENJAMIN HERRERA,12
006308,FRANCO,9
004586,JIMENEZ DE QUESADA II SECTOR,7
002566,LA PAZ,18
002549,VILLA GLORIA,19
002631,EL NEVADO,5
002551,ALASKA,5
008313,LAGO GAITAN,2
007105,ARMENIA,13
003210,RAMIREZ,3
007401,POLO CLUB,12
002502,MILLAN,19
001201,SEVILLA,15
008547,LA ESTRELLITA III,1
008519,ESTRELLA DEL NORTE,1
009246,DELMONTE,11
008410,ESCUELA DE INFANTERIA,1
008409,ESCUELA DE CABALLERIA I,1
006506,CASTILLA,8
009250,TIBABUYES OCCIDENTAL,11
105314,EL CORZO RURAL,7
008502,LA PRADERA NORTE,1
005647,VILLAS DE GRANADA,10
002456,QUIBA I,19
004560,SAUCEDAL,8
001307,RAMAJAL,4
008529,SAN JOSE DE USAQUEN,1
101302,MOLINO RURAL,4
007104,TEUSAQUILLO,13
001355,LAS GUACAMAYAS I,4
004594,SAN ANTONIO,7
005623,LOS ANGELES,10
008407,USAQUEN,1
005609,TABORA,10
007205,PALERMO,13
006508,LAS DOS AVENIDAS,8
001408,VILLA DE LOS ALPES,4
008536,BOSQUE DE PINOS I,1
008523,SAN ANTONIO NORTE,1
004108,SANTA ISABEL,14
007308,QUINTA MUTIS,12
006532,KASANDRA,9
005603,BOYACA,10
007202,SAN LUIS,13
008408,SANTA ANA,1
006511,LA PAMPA,8
001333,ALTOS DEL POBLADO,4
001311,LA GLORIA OCCIDENTAL,4
004105,EDUARDO SANTOS,14
004633,SANTA FE BOSA,7
006518,OSORIO III,8
004583,ARGELIA II,7
101307,TIHUAQUE RURAL,5
002521,LUCERO ALTO,19
002514,MEISSEN,19
002587,BRISAS DEL VOLADOR,19
001304,BELLO HORIZONTE,4
002444,SIERRA MORENA II,19
002532,QUINTAS DEL SUR,19
006509,LUSITANIA,8
004554,PATIO BONITO,8
006104,LA FAVORITA,14
009238,SANTA TERESA DE SUBA,11
002420,LA CORUNA,19
009258,CASA BLANCA SUBA I,11
201502,SIBERIA RURAL,2
009240,POTRERILLO,11
002571,ANTONIO JOSE DE SUCRE,5
004101,RICAURTE,14
001431,LA RESURRECCION I,18
001321,SAN MARTIN SUR,4
002508,TUNJUELITO,6
005664,EL DORADO,10
004562,LLANO GRANDE,8
007102,SANTA TERESITA,13
006207,BATALLON CALDAS,16
006528,EL VERGEL,9
103108,LOS RIOS,20
001113,SAN BLAS II,4
009138,CASABLANCA SUBA URBANO I,11
008424,SEGUNDO CONTADOR,1
002522,EL MOCHUELO ORIENTAL,19
004106,EL VERGEL,14
008112,SUCRE,2
006210,CENTRO NARINO,13
005107,ACEVEDO TEJADA,13
002525,BARRANQUILLITA,5
007207,GALERIAS,13
004508,CIUDAD KENNEDY OCCIDENTAL,8
009231,SUBA CERROS,11
009105,PRADO PINZON,11
002609,EL BOSQUE,5
007304,CONCEPCION NORTE,12
005116,PABLO VI NORTE,13
003211,GIRARDOT,3
003201,SAN BERNARDINO,3
002204,QUIROGA SUR,18
109111,SAN JOSE,20
109116,NUEVA GRANADA,20
109110,CONCEPCION,20
006103,SANTA FE,14
004552,GUALOCHE,7
004576,CASA BLANCA SUR,8
107112,LA LOMITA,11
002102,SAN ANTONIO,15
002542,SERRANIAS,5
001413,LA RESURRECCION,18
004307,SAN GABRIEL,16
008102,PARQUE NACIONAL,3
006205,INDUSTRIAL CENTENARIO,16
006512,VILLA ALSACIA,8
008522,EL ROCIO NORTE,1
205221,GALAN RURAL,8
102405,PEPINITOS,5
009116,PRADO VERANIEGO NORTE,11
109114,TUNAL BAJO,20
005503,BELLAVISTA OCCIDENTAL,10
205402,EL CHARCO,9
001205,SOCIEGO,4
002573,ARBORIZADORA ALTA,19
001334,LAS GAVIOTAS,4
009267,VILLA MARIA I,11
005644,BOCHICA II,10
001322,SAN RAFAEL USME,4
009236,LA CAROLINA DE SUBA,11
005640,BOLIVIA ORIENTAL,10
009213,EL PINO,11
009207,VILLA ELISA,11
009214,TUNA ALTA,11
005620,FLORENCIA,10
009130,CANODROMO,11
005680,VILLA DEL MAR,10
208203,LA ESTRELLITA,1
005682,CIUDAD BACHUE II,10
004607,CIUDAD DE CALI,8
002506,GRAN YOMASA,5
002504,COMPARTIR,19
004209,SANTA MATILDE,16
005307,LOS ANDES,12
001430,VILLA DE LOS ALPES I,4
001109,LA MARIA,4
102604,LA REQUILINA RURAL II,5
006109,COLSEGUROS,14
002202,QUIROGA,18
001418,MARRUECOS,18
006408,EL CARMEN FONTIBON,9
005637,VILLA GLADYS,10
003106,CENTRO ADMINISTRATIVO,17
005672,LAS NAVETAS,9
001114,VELODROMO,4
004303,BARCELONA,16
004580,BOSA NOVA EL PORVENIR,7
006531,CIUDAD TECHO II,8
001108,SAN CRISTOBAL SUR,4
002560,BELLAVISTA LUCERO ALTO,19
008301,CHICO NORTE II SECTOR,2
009216,LA GAITANA,11
202506,EL NUEVO PORTAL II RURAL,5
201404,LA PEÃ‘A RURAL,3
002540,ESTRELLA DEL SUR,19
107101,GUAYMARAL,11
004502,HIPOTECHO OCCIDENTAL,8
006516,TINTALA,8
105210,OSORIO X,7
001410,MARCO FIDEL SUAREZ,18
002503,LA AURORA,5
002505,NUEVO SAN ANDRES,5
001403,HOSPITAL SAN CARLOS,18
002435,EL CHIRCAL SUR,19
002559,LOS ALPES SUR,19
002554,GIBRALTAR SUR,19
008111,CATALUNA,2
006101,FLORIDA,14
009112,NIZA SUBA,11
004403,AUTOPISTA MUZU,16
005201,JORGE ELIECER GAITAN,12
008419,ESCUELA DE CABALLERIA II,1
002621,SAN FELIPE DE USME,5
009107,PRADO VERANIEGO,11
002426,SANTO DOMINGO,19
003203,SANTA BARBARA,17
004104,LA ESTANZUELA,14
001103,VITELMA,4
004592,SAN MARTIN,7
001104,MOLINOS DE ORIENTE,4
003108,LA CAPUCHINA,3
001332,VILLABEL,4
002611,CHARALA,5
007103,LA MAGDALENA,13
004538,OLARTE,7
002590,LA FISCALA,5
008105,LA MACARENA,3
003107,SANTA INES,3
004202,COMUNEROS,16
004208,LOS EJIDOS,16
002588,EL MOCHUELO III URBANO,19
001423,ARBOLEDA SUR,18
004316,LAS MARGARITAS,8
004609,LOS ALMENDROS,8
004612,DINDALITO,8
004626,LAS ACACIAS,8
004601,CALANDAIMA,8
004614,DINDALITO,8
001414,MOLINOS DEL SUR,18
002530,QUIBA,19
004203,LA ASUNCION,16
002633,LAS VIOLETAS,5
003212,LOURDES,3
008401,LA CALLEJA,1
002552,JUAN PABLO II,19
004212,TIBANA,16
008402,COUNTRY CLUB,1
005667,CENTRO ENGATIVA II,10
005308,RIONEGRO,12
006515,VALLADOLID,8
002580,BELLA FLOR,19
006409,BELEN FONTIBON,9
001207,NARINO SUR,4
002564,EL MINUTO DE MARIA,19
204128,QUIBA RURAL,19
006105,SAN VICTORINO,14
001206,QUINTA RAMOS,4
006420,LA GIRALDA,9
002586,YOMASA NORTE,5
005110,EL SALITRE,13
002523,LA ALAMEDA,19
009219,CAMPANELLA,11
006502,MARSELLA,8
002512,AREA ARTILLERIA,6
009134,SAN JOSE V SECTOR,11
009247,IRAGUA,11
201503,SIBERIA  II,2
001328,SANTA RITA SUR ORIENTAL,4
004558,CAMPO HERMOSO,8
001404,SOSIEGO SUR,18
002311,VILLA MAYOR,18
001420,EL PLAYON,18
209106,LA UNION URBANO,20
001308,SANTA INES SUR,4
003109,VERACRUZ,3
001362,ARBOLEDA SANTA TERESITA,4
002570,EL MIRADOR,19
003104,LA CONCORDIA,17
004619,CHUCUA DE LA VACA III,8
004611,EL JAZMIN,8
004605,CHICALA,7
205209,EL JAZMIN,8
004632,LA CABANA,7
004593,LA LIBERTAD,7
004618,DINTALITO,8
103109,LAS SOPAS,20
004617,TINTALITO,8
009262,LA GAITANA ORIENTAL,11
008514,EL CONTADOR,1
001402,GUSTAVO RESTREPO,18
002568,ARBORIZADORA ALTA,19
004515,TUNDAMA,8
006211,CUNDINAMARCA,16
009202,EL RINCON,11
009251,SAN CARLOS DE SUBA,11
008302,SEMINARIO,2
001416,SAN AGUSTIN,18
006202,GRAN AMERICA,13
006410,CENTRO FONTIBON,9
005509,SAN JOAQUIN,10
002635,BRISAS DEL LLANO,5
004539,GRAN COLOMBIANO,7
002511,LA PICOTA,18
006504,BAVARIA,8
004574,CHARLES DE GAULLE,7
009113,SAN JOSE DE BAVARIA,11
002555,SAN JUAN BAUTISTA,5
105402,CHARCO RURAL,9
006521,SABANA GRANDE,9
002307,INGLES,18
002308,CLARET,18
002408,FATIMA,6
001211,POLICARPA,15
002436,BELLAVISTA,19
007206,BELALCAZAR,13
004603,EL PARAISO,8
004613,PROVIVIENDA OCCIDENTAL,8
004604,BRASILIA,7
006201,EL RECUERDO,13
007101,LA SOLEDAD,13
002460,ARBORIZADORA ALTA I,19
009104,VICTORIA NORTE,11
008213,CHAPINERO CENTRAL,2
008524,LA GRANJA NORTE,1
002595,LAGUNITAS URBANO,19
004543,ALQUERIA LA FRAGUA,8
001203,CARACAS,15
003209,EL DORADO,3
003101,LA ALAMEDA,3
202404,SAN FELIPE DE USME RURAL,5
004520,LA PAZ BOSA,7
004310,PROVIVIENDA NORTE,16
004517,JACQUELINE,8
003102,LAS NIEVES,3
006413,SAN PABLO JERICO,9
102312,CIUDAD LONDRES RURAL,5
103201,BETANIA,20
006407,GUADUAL FONTIBON,9
002516,MEXICO,19
001330,CANADA O GUIRA,4
001417,LOS MOLINOS,18
002531,CANDELARIA LA NUEVA,19
009118,BATAN,11
009103,CANTAGALLO,11
009209,VILLA MARIA,11
006208,ORTEZAL,16
009224,NUEVA TIBABUYES,11
005616,LOS CEREZOS,10
104129,EL MOCHUELO II,19
004625,EL REMANSO I,7
005109,CENTRO ADMINISTRATIVO OCC.,13
007203,CHAPINERO OCCIDENTAL,13
004528,PASO ANCHO,7
005661,LUIS CARLOS GALAN,10
008202,EMAUS,2
005654,GRAN GRANADA,10
005304,LA CASTELLANA,12
004544,LAS DELICIAS,8
002507,ABRAHAM LINCOLN,6
205316,VILLA EMMA,7
005510,EL LAUREL,10
105223,OSORIO XXIII,7
006417,VILLA CARMENZA,9
005605,EL ENCANTO,10
005205,SIMON BOLIVAR,12
008403,LA CAROLINA,1
002546,NACIONES UNIDAS,19
008518,CAOBOS SALAZAR,1
008512,CEDRITOS,1
004201,PENSILVANIA,16
008101,SAGRADO CORAZON,3
202309,EL BOSQUE SUR ORIENTAL RURAL III,5
201108,EL REFUGIO II,2
001303,CORDOBA,4
002411,ISLA DEL SOL,6
002612,LA COMUNA,5
001424,BARCELONA SUR,4
004569,JOSE ANTONIO GALAN,7
005601,EL MINUTO DE DIOS,10
009259,BERLIN,11
004111,EL PROGRESO,14
002513,LAS ACACIAS,19
001204,CIUDAD JARDIN SUR,15
002209,QUIROGA I,18
208127,PARAMO RURAL V,2
008508,CEDRO SALAZAR,1
008506,BARRANCAS NORTE,1
008525,LA URIBE,1
108102,TIBABITA RURAL,1
008544,CANAIMA,1
004598,VILLA ANNY I,7
203106,NAZARETH URBANO,20
005638,SANTA CECILIA,10
005625,LOS ALAMOS,10
004599,VILLA ANNY II,7
009110,MAZUREN,11
001119,AGUAS CLARAS I,4
004590,SAN BERNARDINO XXV URBANO,7
009243,LAS MERCEDES I,11
005634,EL CORTIJO,10
007106,ESTRELLA,13
007209,ALFONSO LOPEZ,13
104112,SANTA ROSA,19
004577,SAN BERNARDINO XXII URBANO,7
102911,CURUBITAL,5
001209,MODELO SUR,4
009252,BILBAO,11
202204,LA ESPERANZA SUR I,5
006534,EL TINTAL IV,8
004550,JOSE MARIA CARBONEL,7
006107,PALOQUEMAO,14
008108,SAMPER,3
102407,TIBAQUE SUR,5
109113,LAGUNITAS,20
109107,CHORRERAS,20
109103,LAS VEGAS,20
002575,CERRO COLORADO,19
109101,EL TOLDO,20
004407,ALCALA,16
004568,JORGE URIBE BOTERO,8
004616,OSORIO X URBANO,7
008416,MOLINOS NORTE,1
007305,LA ESPERANZA,12
008319,EL BAGAZAL,2
005670,LA RIVIERA,10
008540,LA ESTRELLITA I,1
009257,TIBABUYES,11
009208,COSTA AZUL,11
208107,LA ESPERANZA,2
002589,PORVENIR,5
001116,TIBAQUE URBANO,4
201508,PARDO RUBIO  I,2
201408,LA PERSEVERANCIA I,3
008515,LOS CEDROS,1
004204,MONTES,16
004582,RENANIA URAPANES,8
002451,SAN ANTONIO DEL MIRADOR,19
004595,CHICO SUR,7
005115,PARQUE POPULAR SALITRE,12
006203,LA FLORIDA OCCIDENTAL,16
006110,USATAMA,14
008507,BARRANCAS,1
005668,VILLAS DE ALCALA,10
004526,BOSA NOVA,7
005657,SABANA DEL DORADO,10
001429,GUIPARMA,18
102401,LOS ARRAYANES,5
004602,REMANSO URBANO,7
205320,EL REMANSO,7
009121,CLUB DE LOS LAGARTOS,11
009223,TTES DE COLOMBIA,11
005629,EL CEDRO,10
003204,BELEN,17
002450,PERDOMO ALTO,19
002433,EL PENON DEL CORTIJO,19
004535,CLASS,8
004525,PASTRANA,8
001347,JUAN REY SUR,5
102112,EL HATO,5
107110,CASABLANCA SUBA I,11
009128,EL PLAN,11
002421,RAFAEL ESCAMILLA,19
009265,VEREDA SUBA CERROS II,11
001302,MONTEBELLO,4
002415,MADELENA,19
205322,CAMPO VERDE,7
005617,PRIMAVERA,10
008305,BELLAVISTA,2
201110,INGEMAR ORIENTAL I,2
201304,AGUAS CLARAS,4
005606,NORMANDIA OCCIDENTAL,10
106301,ENGATIVA EL DORADO,10
001314,SAN JOSE SUR ORIENTAL,4
001208,LA HORTUA,15
005613,LA SERENA,10
005614,VILLA LUZ,10
004643,EL CORZO I,7
002562,CENTRAL DE MEZCLAS,19
102310,EL BOSQUE SUR ORIENTAL RURAL I,5
004587,LOS SAUCES,7
009205,AURES,11
002606,EL CURUBO,5
002441,LOS TRES REYES I,19
001356,VILLA DEL CERRO,4
005402,SANTA ROSA,11
008517,LA LIBERIA,1
009229,TOSCANA,11
002538,USMINIA,5
002301,EDUARDO FREY,15
109106,LA UNION,20
009135,PORTALES DEL NORTE,11
009253,SAN PEDRO,11
005610,LA GRANJA,10
106201,EL PANTANO,10
105105,VEREDA EL TINTAL RURAL,8
001336,JUAN JOSE RONDON I,5
006522,EL TINTAL II,9
005662,EL CEDRO,10
008106,BOSQUE IZQUIERDO,3
004210,JORGE GAITAN CORTES,16
004317,CAMELIA II,16
101301,HOYA SAN CRISTOBAL,4
101502,SIBERIA,2
008215,INGEMAR,2
004637,LAS MARGARITAS,7
002461,ARBORIZADORA ALTA  II,19
101306,TIBAQUE,4
008503,SANTA TERESA,1
002596,EL MOCHUELO ALTO,19
008520,BOSQUE DE PINOS,1
008539,TORCA I,1
108101,TORCA RURAL I,1
108110,TORCA RURAL II,1
202601,CENTRO USME,5
001411,SAN JORGE SUR,18
001310,LA VICTORIA,4
001112,PRIMERO DE MAYO,4
004588,EL DANUBIO AZUL,7
004405,OSPINA PEREZ SUR,16
008314,ANTIGUO COUNTRY,2
108113,BOSQUE DE PINOS III RURAL,1
005504,LA ESTRADITA,10
009244,VILLA HERMOSA,11
006404,PUERTA DE TEJA,9
002446,LOS TRES REYES,19
009225,TIBABUYES UNIVERSAL,11
009222,ALTOS DE CHOZICA,11
103106,NAZARETH,20
005612,PARIS GAITAN,10
005639,QUIRIGUA ORIENTAL,10
006218,CENTRO INDUSTRIAL,16
009123,NIZA NORTE,11
005643,ALAMOS,10
104104,PASQUILLA,19
009221,LA CHUCUA,11
004589,SAN PEDRO,7
002447,EL MIRADOR DE LA ESTANCIA,19
002526,SANTA LIBRADA,5
002430,LAS BRISAS,19
004402,REMANSO,16
208101,PARAMO IV,2
006320,CIUDAD HAYUELOS,9
007403,SAN FELIPE,12
001327,LOS LIBERTADORES,4
004503,PROVIVIENDA ORIENTAL,8
004211,BOCHICA,16
004504,PROVIVIENDA,8
004408,TEJAR,16
004404,AUTOPISTA SUR,16
004581,TIMIZA C,8
002574,CEDRITOS DEL SUR,19
007204,QUESADA,13
102114,LOS ANDES,5
001427,PUERTO RICO,18
002442,SANTA VIVIANA,19
102910,ARRAYAN,5
004623,SAN BERNARDINO POTRERITOS,7
104114,QUIBA ALTO,19
008204,GRANADA,2
002578,ARABIA,19
009131,SANTA HELENA,11
003103,LAS AGUAS,17
008107,SAN DIEGO,3
101110,PARAMO I RURAL,2
108109,PARAMO I,2
001342,ALTOS DEL ZIPA,4
002419,RINCON DE LA VALVANERA,19
004304,GALAN,16
001435,LOS ARRAYANES II,18
005602,SANTA MARIA,10
002584,EL MOCHUELO,19
005405,LAS FERIAS OCCIDENTAL,10
005611,AUTOPISTA MEDELLIN,10
201309,TIBAQUE II,5
005648,VILLA AMALIA,10
002409,NUEVO MUZU,6
002455,LA VALVANERA,19
005641,SANTA MONICA,10
102707,OLARTE,5
002543,COMUNEROS,5
006301,SANTA CECILIA,9
004563,GUADALUPE,19
004406,OSPINA PEREZ,16
004533,EL RETAZO,7
001353,LAS GUACAMAYAS IV,4
004547,CORABASTOS,8
201302,EL TRIANGULO,4
201317,TIBAQUE III,4
001352,LAS GUACAMAYAS II,4
005652,EL MUELLE,10
108104,PARAMO,1
008538,BOSQUE DE PINOS III,1
008304,LOS ROSALES,2
101101,EL BAGAZAL,2
008303,EL REFUGIO,2
009133,MIRANDELA,11
005619,PARIS,10
005608,SANTA HELENITA,10
002429,MARIA CANO,19
002440,SIERRA MORENA,19
006206,EL EJIDO,16
008221,SIBERIA URBANO,2
002529,LA MARICHUELA,5
004638,CIUDADELA EL RECREO II,7
001118,LOS LAURELES SUR ORIENTAL I,4
009255,SANTA RITA DE SUBA,11
009256,SANTA CECILIA,11
002416,EL ENSUENO,19
002581,LA TORRE,19
009136,CASABLANCA SUBA URBANO,11
107111,CASABLANCA SUBA II,11
009120,NUEVA ZELANDIA,11
002401,TUNAL ORIENTAL,6
002402,SAN VICENTE FERRER,6
002407,EL CARMEN,6
002406,SAMORE,6
002614,LA ORQUIDEA DE USME,5
007301,LA MERCED NORTE,12
002413,MUZU,6
001346,CIUDAD LONDRES I,4
006514,VERGEL OCCIDENTAL,8
103101,SANTA ROSA ALTA,20
208125,SAN LUIS ALTOS DEL CABO RURAL II,2
004506,LA CAMPINA,8
004556,GRAN BRITALIA I,8
009217,RINCON DE SANTA INES,11
002418,LA ESTANCIA,19
102412,TOCAIMITA SUR,5
002592,DESARROLLO BRAZUELOS,5
104128,EL MOCHUELO III,19
009132,ESCUELA DE CARABINEROS,11
005101,JOSE JOAQUIN VARGAS,12
009210,LAS FLORES,11
103102,TAQUECITOS,20
101201,HOYA TEUSACA,3
001354,LAS GUACAMAYAS III,4
009242,TUNA BAJA,11
009233,TIBABUYES,11
107107,LAS MERCEDES SUBA RURAL,11
003205,EL GUAVIO,3
001339,BOSQUE DE LOS ALPES,4
101405,PARQUE NACIONAL ORIENTAL,3
003208,EL ROCIO,3
001312,LOS ALPES,4
008311,EL NOGAL,2
003105,EGIPTO,17
008312,ESPARTILLAL,2
007404,ALCAZARES NORTE,12
001210,CALVO SUR,4
008521,TIBABITA,1
009139,CASABLANCA SUBA URBANO II,11
104130,BRAZUELOS OCCIDENTAL RURAL,19
004523,JIMENEZ DE QUESADA,7
008212,MARLY,2
104119,CIUDAD BOLIVAR RURAL I,19
006209,QUINTA PAREDES,13
005635,EL MADRIGAL,10
002607,LA ESPERANZA SUR,5
204129,EL MOCHUELO II NORTE,19
207801,SANTA CECILIA DE SUBA I,11
009226,SALITRE SUBA,11
009237,RINCON DE SUBA,11
107102,CASABLANCA SUBA,11
008505,SAN CRISTOBAL NORTE,1
009125,PASADENA,11
008420,PARAMO URBANO I,1
005607,SAN IGNACIO,10
003206,LA PENA,3
003207,LOS LACHES,3
006525,EL CHANCO I,9
008110,EL PARAISO,2
204304,LAGUNITAS,19
005626,LOS ALAMOS,10
103202,EL ISTMO,20
001337,SAN PEDRO SUR,5
103204,LAGUNA VERDE,20
005666,LA FAENA,10
108114,PARAMO III RURAL,1
005684,QUIRIGUA II,10
201109,INGEMAR I,2
009117,PRADO VERANIEGO SUR,11
001421,DIANA TURBAY,18
102309,EL BOSQUE SUR ORIENTAL RURAL II,5
104113,SANTA BARBARA,19
102211,LILIANA,5
104127,EL MOCHUELO IV,19
202203,BOLONIA I,5
002422,ATLANTA,19
001305,ATENAS,4
102506,PORTAL RURAL II,5
002453,CIUDAD BOLIVAR,19
005306,ENTRERIOS,12
004509,CIUDAD KENNEDY,8
001338,LA BELLEZA,4
002622,TOCAIMITA ORIENTAL I,5
006524,LA MAGDALENA,8
208126,SAN ISIDRO RURAL II,2
006316,BOSQUE DE MODELIA,9
009248,TIBABUYES II,11
002583,QUIBA URBANO,19
102406,EL BOSQUE CENTRAL,5
102118,LAS VIOLETAS RURAL,5
104108,LAS MERCEDES,19
102110,EL PORVENIR DE LOS SOCHES,5
004591,EL PORTAL DEL BRASIL,7
101308,CHIGUAZA RURAL,5
009111,MONACO,11
002431,POTOSI,19
001335,VILLA DIANA,5
008207,BOSQUE CALDERON,2
105403,EL CHANCO RURAL III,9
004578,VILLA NELLY III SECTOR,8
004620,CHUCUA DE LA VACA II,8
004530,TIMIZA B,8
002524,LA ANDREA,5
009204,EL RINCON NORTE,11
002616,EL NUEVO PORTAL,5
205225,LAS ACACIAS RURAL,8
004642,ISLANDIA,7
001313,BELLAVISTA SUR,4
001422,DIANA TURBAY ARRAYANES,18
103103,SANTA ROSA BAJA,20
002309,VILLA MAYOR ORIENTAL,15
008426,SAN GABRIEL NORTE II,1
002582,BELLA FLOR SUR,19
002432,ARBORIZADORA BAJA,19
009235,CIUDAD HUNZA,11
009126,ESTORIL,11
008406,SAN GABRIEL NORTE,1
009268,SANTA CECILIA DE SUBA I,10
009266,RINCON ALTAMAR,11
004527,NUEVA GRANADA BOSA,7
001318,QUINDIO,4
002515,SAN FRANCISCO,19
004513,SAN DIEGO-BOSA,7
208128,TORCA II,1
009129,VILLA DEL PRADO,11
009101,GRANADA NORTE,11
009102,BRITALIA,11
205401,EL CHANCO II,9
006319,TERMINAL DE TRANSPORTES,9
001348,LA CABANA,5
008208,PARDO RUBIO,2
005675,BOLIVIA,10
006313,SALITRE OCCIDENTAL,9
007312,RAFAEL URIBE,12
009245,PINOS DE LOMBARDIA,11
004306,LA TRINIDAD,16
005650,CIUDADELA COLSUBSIDIO,10
009201,LOS NARANJOS,11
002445,CARACOLI,19
102808,LA REGADERA,5
005679,SAN ANTONIO ENGATIVA,10
004559,EL CARMELO,8
104102,PASQUILLITA,19
103206,PENALISA,20
005669,EL GACO,10
006519,MORAVIA,9
002579,VILLA CANDELARIA,19
002591,BRAZUELOS OCCIDENTAL,19
002576,SERRANIAS I,5
004566,PATIO BONITO III,8
002536,MONTEBLANCO,5
001426,SAN LUIS,18
004302,SAN RAFAEL,16
004557,GRAN BRITALIA,8
004522,BOSA,7
004561,EL JARDIN,7
009203,PUERTA DEL SOL,11
006419,EL REFUGIO,9
006416,ATAHUALPA,9
006403,SAN JOSE DE FONTIBON,9
006414,BRISAS ALDEA FONTIBON,9
006401,VERSALLES FONTIBON,9
005624,AEROPUERTO EL DORADO,9
006402,LA CABANA FONTIBON,9
004573,CIUDADELA EL RECREO,7
208129,LAS DELICIAS DEL CARMEN II SECTOR,1
001301,GRANADA SUR,4
102113,LAS MARGARITAS,5
006217,CIUDAD SALITRE SUR-ORIENTAL,13
008527,EL CEREZO,1
008545,MIRADOR DEL NORTE,1
108111,TIBABITA RURAL I,1
008528,SAN ANTONIO NOROCCIDENTAL,1
008501,EL TOBERIN,1
008526,EL VERVENAL,1
108103,BARRANCAS ORIENTAL RURAL,1
008504,LA CITA,1
008203,LAS ACACIAS,2
105401,EL CHANCO RURAL II,9
008205,MARIA CRISTINA,2
008206,LA SALLE,2
101103,INGEMAR ORIENTAL RURAL,2
005502,LA ESTRADA,10
002449,ESPINO I,19
008535,BUENAVISTA,1
005207,METROPOLIS,12
005310,ESCUELA MILITAR,12
008542,TIBABITA I,1
008537,VERBENAL SAN ANTONIO,1
002443,LA PRIMAVERA I,19
009234,SABANA DE TIBABUYES NORTE,11
009230,SAN CAYETANO,11
009106,SAN JOSE DEL PRADO,11
004401,SAN EUSEBIO,16
208104,PARAMO URBANO,2
107109,BARAJAS NORTE,11
002410,PARQUE EL TUNAL,6
002404,VENECIA,6
009206,AURES II,11
002403,VENECIA OCCIDENTAL,6
105325,SAN BERNARDINO XXV,7
103104,LAS ANIMAS,20
208110,SAN LUIS ALTOS DEL CABO RURAL,2
009263,VILLA ALCAZAR,11
009212,SUBA URBANO,11
202410,TOCAIMITA ORIENTAL,5
107106,TUNA RURAL,11
005630,CIUDAD BACHUE,10
105318,SAN BERNARDINO XVIII,7
002632,LA REQUILINA,5
006505,PIO XII,8
002304,SANTIAGO PEREZ,18
002613,EL PROGRESO USME,5
002306,BRAVO PAEZ,18
002205,SANTA LUCIA,18
008543,SANTA CECILIA PUENTE NORTE,1
201105,EL REFUGIO I,2
002201,OLAYA,18
002203,QUIROGA CENTRAL,18
002105,SANTANDER,15
002303,CENTENARIO,18
002310,MURILLO TORO,18
006411,CHARCO URBANO,9
205109,LA MAGDALENA I,8
205227,OSORIO IX,8
002643,EL SALTEADOR,5
008103,LA MERCED,3
001324,EL PINAR,4
001363,COLMENA I LOS PINARES,4
004514,CIUDAD KENNEDY NORTE,8
002569,ARBORIZADORA ALTA,19
006204,ESTACION CENTRAL,16
006108,SAMPER MENDOZA,14
008201,QUINTA CAMACHO,2
004621,CHUCUA DE LA VACA I,8
008516,LAS ORQUIDEAS,1
004572,CORREDOR FERREO DEL SUR,8
005628,GARCES NAVAS ORIENTAL,10
006507,NUEVO TECHO,8
005106,NICOLAS DE FEDERMAN,13
002556,DESARROLLO BRAZUELOS I,5
003202,LAS CRUCES,3
005105,CAMPIN OCCIDENTAL,13
004534,ROMA,8
006307,MONTEVIDEO,9
002537,CHUNIZA,5
006303,LA ESPERANZA NORTE,9
002601,ARRAYANES I,5
208111,SAN ISIDRO RURAL,2
006302,CAPELLANIA,9
007302,ALCAZARES,12
005114,CAMPO EUCARISTICO,13
204131,MOCHUELO ALTO URBANO,19
102122,LA REQUILINA RURAL,5
104131,MOCHUELO ALTO RURAL,19
002423,ESPINO,19
006510,VILLA ALSACIA II,8
006106,EL LISTON,14
001425,GRANJAS DE SANTA SOFIA,18
001406,SAN ISIDRO,4
102602,CENTRO USME RURAL I,5
006501,COOPERATIVA DE SUB-OFICIALES,8
004512,TIMIZA,8
008417,SANTA BARBARA OCCIDENTAL,1
008307,CHICO NORTE,2
005506,JARDIN BOTANICO,10
004510,CIUDAD KENNEDY ORIENTAL,8
004309,LA CAMELIA,16
005673,PUEBLO VIEJO,9
007405,ONCE DE NOVIEMBRE,12
006311,MODELIA,9
009140,NUESTRA SENORA DEL ROSARIO,11
004532,LA CECILIA,8
002618,PUERTA AL LLANO DE USME,5
004308,COLON,16
002518,RONDA,19
001331,ALTOS DEL ZUQUE,4
004549,NUEVA YORK,8
007407,LA AURORA,12
002629,EL NEVADO II,5
007402,JUAN XXIII,12
008310,EL RETIRO,2
004102,LA SABANA,14
006418,PUENTE GRANDE,9
006503,VISION DE ORIENTE,8
008214,CHAPINERO NORTE,2
003215,SAN FRANCISCO RURAL,3
007306,BAQUERO,12
005113,PAULO VI,13
002528,SANTA LIBRADA NORTE,5
001409,LAS LOMAS,4
009141,LA CANDELARIA,11
004301,SAN RAFAEL INDUSTRIAL,16
006306,GRANJAS DE TECHO,9
004596,ALQUERIA LA FRAGUA II,8
004567,VILLAS DEL PROGRESO,7
004537,CASABLANCA,8
004564,TAIRONA,8
204106,NUEVA ESPERANZA,19
001428,CERROS DE ORIENTE,18
102111,LOS ARRAYANES,5
103203,EL TABACO,20
204107,EL MIRADOR II,19
004634,CANAVERALEJO,7
002615,LA ESPERANZA DE USME,5
101309,LA ARBOLEDA RURAL,4
001407,SURAMERICA,4
002428,PRIMAVERA II,19
004518,TIMIZA A,8
005104,EL ROSARIO,12
007310,LA PAZ,12
005203,SAN FERNANDO,12
004206,SAN FRANCISCO,16
009115,IBERIA,11
006405,FERROCAJA FONTIBON,9
002520,LAS MANAS,19
002565,PARAISO QUIBA,19
001419,CALLEJON SANTA BARBARA,18
002438,SIERRA MORENA,19
008533,HORIZONTES NORTE,1
001309,SAN VICENTE,4
208103,BARRANCAS ORIENTAL,1
005112,PARQUE DISTRITAL SALITRE,12
004103,VOTO NACIONAL,14
202511,PUERTA AL LLANO RURAL,5
205308,CANAVERALEJO RURAL,7
009124,PUENTE LARGO,11
004628,BETANIA,7
004624,LA VEGA SAN BERNARDINO,7
004627,GALAN,8
005621,FLORIDA BLANCA,10
009108,CIUDAD JARDIN NORTE,11
002610,CHAPINERITO,5
102601,CENTRO USME RURAL,5
002577,DANUBIO II,5
008220,SIBERIA CENTRAL,2
001316,MORALBA,4
004575,LOS LAURELES,7
004409,ALQUERIA,16
005631,CIUDAD BACHUE I ETAPA,10
004615,OSORIO XII,8
002620,EL NUEVO PORTAL II,5
004412,REMANSO SUR,16
002414,ISMAEL PERDOMO,19
109112,CAPITOLIO,20
005655,GARCES NAVAS SUR,10
001101,LAS BRISAS,4
104110,QUIBA BAJO,19
004641,LA INDEPENDENCIA,7
005632,BOCHICA,10
002412,VERONA,19
004505,PROVIVIENDA OCCIDENTAL,8
002101,LA FRAGUITA,15
008415,SANTA BARBARA CENTRAL,1
002602,FISCALA ALTA,5
002519,DANUBIO,5
103107,LAS PALMAS,20
005604,EL REAL,10
009227,LECH WALESA,11
009261,TUNA,11
004109,VERAGUAS,14
002599,CENTRO USME URBANO,5
008306,PORCIUNCULA,2
105203,OSORIO II,8
004521,LA ESTACION BOSA,7
002594,VILLA ISRAEL,5
005660,SAN ANTONIO URBANO,10
002640,EL PEDREGAL II,5
001202,CIUDAD BERNA,15
004529,CEMENTERIO JARDINES APOGEO,7
004631,EL CORZO,7
002597,LA FISCALA NORTE,5
002634,EL TUNO,5
005505,BOSQUE POPULAR,10
004545,CATALINA,8
002547,EL TESORO,19
004519,ESCOCIA,7
004507,CIUDAD KENNEDY SUR,8
001357,SANTA INES SUR II,4
004546,VILLA DEL RIO,7
007406,SANTA SOFIA,12
005507,NORMANDIA,10
005663,EL DORADO INDUSTRIAL,10
006415,LA LAGUNA FONTIBON,9
103105,LAS AURAS,20
002557,JUAN JOSE RONDON,19
004511,CIUDAD KENNEDY CENTRAL,8
009220,LAGO DE SUBA,11
009122,LAS VILLAS,11
009254,LISBOA,11
208108,SAN ISIDRO RURAL,2
009114,GILMAR,11
002434,JERUSALEN,19
006406,VILLEMAR,9
008309,LA CABRERA,2
001432,DIANA TURBAY CULTIVOS,18
105103,SAN PEDRO,9
001115,MONTE CARLO,4
002534,CASA DE TEJA,19
007307,MUEQUETA,12
005665,MARANDU,10
005111,LA ESMERALDA,13
007201,CAMPIN,13
001345,DONA LILIANA,5
204104,PASQUILLA URBANA,19
005406,BONANZA,10
006312,MODELIA OCCIDENTAL,9
002437,LA PRADERA,19
002637,ARRAYANES VI,18
006527,INTERINDUSTRIAL,9
002558,VILLAS EL DIAMANTE,19
005683,QUIRIGUA I,10
005404,LAS FERIAS,10
005501,PALO BLANCO,10
004597,SAN BERNARDINO I,7
002548,EL VIRREY,5
004305,LA PRADERA,16
001358,CHIGUAZA URBANO,4
002625,ARRAYANES V,5
001111,SANTA ANA SUR,4
001107,LAS MERCEDES,4
005117,RAFAEL NUNEZ,13
002544,LOS LAURELES II,19
008211,JUAN XXIII,2
205319,SAN BERNARDINO XIX,7
004555,PATIO BONITO II,8
002405,ESCUELA GENERAL SANTANDER,6
004579,ESCOCIA,7
006423,EL TINTAL CENTRAL,9
001110,SAN JAVIER,4
005202,DOCE DE OCTUBRE,12
005206,LA LIBERTAD,12
002550,DUITAMA,5
001340,TIHUAQUE,5
002305,LIBERTADOR,18
004501,HIPOTECHO,8
002533,SOTAVENTO,19
004565,TOCAREMA,8
004516,BOITA,8
002417,BARLOVENTO,19
001306,SAN PEDRO,4
005102,POPULAR MODELO,12
008418,SAN PATRICIO,1
005658,VILLA SAGRARIO,10
004635,SAN BERNARDINO II,7
001106,SAN BLAS,4
001329,EL PARAISO,4
001434,CARMEN DEL SOL,18
001317,PUENTE COLORADO,4
008510,ACACIAS USAQUEN,1
002527,LA CABANA,5
006517,MARIA PAZ,8
008530,LAS MARGARITAS,1
006216,CIUDAD SALITRE NOR-ORIENTAL,13
109109,TUNAL ALTO,20
002439,SIERRA MORENA,19
009142,CONEJERA,11
002427,GALICIA,19
002424,RINCON DE GALICIA,19
002448,PERDOMO ALTO,19
102603,CENTRO USME RURAL II,5
009218,ALMIRANTE COLON,11
003110,LA CATEDRAL,17
002608,EL BOSQUE CENTRAL I,5
001320,NUEVA GLORIA,4
006215,PUENTE ARANDA,16
007208,BANCO CENTRAL,13
002545,EL SATELITE,19
002627,LA REFORMA,5
001102,BUENOS AIRES,4
104118,CIUDAD BOLIVAR RURAL III,19
005401,POTOSI,11
009109,NIZA SUR,11
009228,LOMBARDIA,11
004413,AUTOPISTA MUZU ORIENTAL,16
004540,CATALINA II,8
002626,BOLONIA I,5
004205,PRIMAVERA OCCIDENTAL,16
002585,EL MOCHUELO URBANO,19
002302,SANTANDER SUR,15
002604,LOS OLIVARES,5
002642,EL PORTAL URBANO,5
008413,SANTA BARBARA ORIENTAL,1
202502,EL UVAL,5
002509,SAN BENITO,6
002593,TUNJUELITO,5
009239,LAS MERCEDES SUBA,11
008404,BELLA SUIZA,1
002535,PALERMO SUR,18
002104,RESTREPO OCCIDENTAL,15
002107,LA FRAGUA,15
004107,SANTA ISABEL SUR,14
002106,SENA,15
002103,RESTREPO,15
006523,SAN PEDRO DE LOS ROBLES,9
001415,MARCO FIDEL SUAREZ I,18
004553,ANDALUCIA II,7
004622,BRASIL,7
108108,PARAMO II,1
008411,RINCON DEL CHICO,1
005108,CIUDAD UNIVERSITARIA,13
004541,EL PARAISO BOSA,8
109104,SAN JUAN,20
001319,LA GLORIA ORIENTAL,4
008414,SANTA ANA OCCIDENTAL,1
008513,LISBOA,1
001350,YOMASA,4
102115,LA UNION,5
008532,EL REDIL,1
009211,EL POA,11
002561,CORDILLERA DEL SUR,19
109105,SANTO DOMINGO,20
002501,SAN CARLOS,6
008315,CHICO NORTE III SECTOR,2
008412,SANTA BIBIANA,1
009127,ANDES NORTE,11
005403,JULIO FLOREZ,11
004531,MANDALAY,8
209104,SAN JUAN URBANO,20
006533,EL TINTAL III,8
008425,GINEBRA II,1
002541,GRANADA SUR,5
005636,ENGATIVA ZONA URBANA,10
009249,VEREDA SUBA NARANJOS,11
004207,GORGONZOLA,16
004570,ANTONIA SANTOS,7
004542,ALQUERIA LA FRAGUA NORTE,8
006529,EL VERGEL ORIENTAL,8
104107,BELLA FLOR SUR RURAL,19
005627,GARCES NAVAS,10
108112,PARAMO II RURAL,1
006212,SALAZAR GOMEZ,16
002636,LA HUERTA,5
