colombia_5001,https://www.dropbox.com/sh/yx0bwht2grvtcog/AABLvMnZ68u0tzQR7VXrr8I-a/analysis/synthetic_populations/output/formatted_populations/colombia_5001?dl=1
colombia_11001,https://www.dropbox.com/sh/yx0bwht2grvtcog/AADYGtifu2-fvCCBw36OLCGWa/analysis/synthetic_populations/output/formatted_populations/colombia_11001?dl=1
colombia_13001,https://www.dropbox.com/sh/yx0bwht2grvtcog/AACNvZ1GQmFp0MxX5qZIz7aLa/analysis/synthetic_populations/output/formatted_populations/colombia_13001?dl=1
colombia_63001,https://www.dropbox.com/sh/yx0bwht2grvtcog/AADyd5Om_TiVvlr6yQTZjtECa/analysis/synthetic_populations/output/formatted_populations/colombia_63001?dl=1
colombia_66001,https://www.dropbox.com/sh/yx0bwht2grvtcog/AADJPBeAitmNxgXywdZCXxnFa/analysis/synthetic_populations/output/formatted_populations/colombia_66001?dl=1
colombia_76001,https://www.dropbox.com/sh/yx0bwht2grvtcog/AAAfuMM-UAR_mTRL5_2CvVMra/analysis/synthetic_populations/output/formatted_populations/colombia_76001?dl=1
colombia_1100101,https://www.dropbox.com/sh/yx0bwht2grvtcog/AACvfaltHYUNSCI_aZXJ4Z6sa/analysis/synthetic_populations/output/formatted_populations/colombia_1100101?dl=1
colombia_1100102,https://www.dropbox.com/sh/yx0bwht2grvtcog/AAA53vJ9y8yTo_86rrop8EzVa/analysis/synthetic_populations/output/formatted_populations/colombia_1100102?dl=1
colombia_1100103,https://www.dropbox.com/sh/yx0bwht2grvtcog/AACv4LEfl6-lm1F14UdWrG9Ua/analysis/synthetic_populations/output/formatted_populations/colombia_1100103?dl=1
colombia_1100104,https://www.dropbox.com/sh/yx0bwht2grvtcog/AACUn2-mtvk0mldvxzIL_2iBa/analysis/synthetic_populations/output/formatted_populations/colombia_1100104?dl=1
colombia_1100105,https://www.dropbox.com/sh/yx0bwht2grvtcog/AACjgdJ2U49SZsXc5a0UlnCga/analysis/synthetic_populations/output/formatted_populations/colombia_1100105?dl=1
colombia_1100106,https://www.dropbox.com/sh/yx0bwht2grvtcog/AAATd5vQfNo6Skyv3gx51W2Ma/analysis/synthetic_populations/output/formatted_populations/colombia_1100106?dl=1
colombia_1100107,https://www.dropbox.com/sh/yx0bwht2grvtcog/AACK9G34PbI02hT0W7x5Yes6a/analysis/synthetic_populations/output/formatted_populations/colombia_1100107?dl=1
colombia_1100108,https://www.dropbox.com/sh/yx0bwht2grvtcog/AAASPQcxQadSOjJ9nppNI6Bqa/analysis/synthetic_populations/output/formatted_populations/colombia_1100108?dl=1
colombia_1100109,https://www.dropbox.com/sh/yx0bwht2grvtcog/AACqR6mLwttVyDKvN-_0OTNxa/analysis/synthetic_populations/output/formatted_populations/colombia_1100109?dl=1
colombia_1100110,https://www.dropbox.com/sh/yx0bwht2grvtcog/AAAZnCV2p9Fl-KYwGYWDNsHza/analysis/synthetic_populations/output/formatted_populations/colombia_1100110?dl=1
colombia_1100111,https://www.dropbox.com/sh/yx0bwht2grvtcog/AAApTqDTD-MlIiBBSoaVhYlna/analysis/synthetic_populations/output/formatted_populations/colombia_1100111?dl=1
colombia_1100112,https://www.dropbox.com/sh/yx0bwht2grvtcog/AAC8nIA_sQ4Y179GNTGWDj9ga/analysis/synthetic_populations/output/formatted_populations/colombia_1100112?dl=1
colombia_1100113,https://www.dropbox.com/sh/yx0bwht2grvtcog/AABB3XIcxatXoeStGbchdufNa/analysis/synthetic_populations/output/formatted_populations/colombia_1100113?dl=1
colombia_1100114,https://www.dropbox.com/sh/yx0bwht2grvtcog/AACH5oVYSYEwQgqK0NRHX0zJa/analysis/synthetic_populations/output/formatted_populations/colombia_1100114?dl=1
colombia_1100115,https://www.dropbox.com/sh/yx0bwht2grvtcog/AADpRCz2DIUYHKw-v14q5DNUa/analysis/synthetic_populations/output/formatted_populations/colombia_1100115?dl=1
colombia_1100116,https://www.dropbox.com/sh/yx0bwht2grvtcog/AAByM6NkNGLFEC_uEqsvczgja/analysis/synthetic_populations/output/formatted_populations/colombia_1100116?dl=1
colombia_1100117,https://www.dropbox.com/sh/yx0bwht2grvtcog/AADYOHG_DX9ljO1TaOeoI2DVa/analysis/synthetic_populations/output/formatted_populations/colombia_1100117?dl=1
colombia_1100118,https://www.dropbox.com/sh/yx0bwht2grvtcog/AAAgaBuhhBhCvU-BgnEewP18a/analysis/synthetic_populations/output/formatted_populations/colombia_1100118?dl=1
colombia_1100119,https://www.dropbox.com/sh/yx0bwht2grvtcog/AADFiot_bebvPeqCnbQbpYSxa/analysis/synthetic_populations/output/formatted_populations/colombia_1100119?dl=1
