SCACODIGO,SCANOMBRE,upz
002605,BOLONIA,UPZ57
005103,SAN MIGUEL,UPZ22
005615,LA SOLEDAD NORTE,UPZ30
205318,SAN BERNARDINO XVIII,UPZ87
008104,LA PERSEVERANCIA,UPZ92
008109,SAN MARTIN,UPZ91
004110,LA PEPITA,UPZ102
001401,SAN JOSE SUR,UPZ36
006520,ZONA FRANCA,UPZ77
005508,LA CABANA,UPZ26
002619,VILLA ANITA,UPZ58
004630,PARCELA EL PORVENIR,UPZ86
009215,CASABLANCA SUBA,UPZ23
109102,SAN ANTONIO,5
001315,ALTAMIRA,UPZ50
001325,JUAN REY (LA PAZ),UPZ51
008405,GINEBRA,UPZ14
009119,ATENAS,UPZ23
008509,LOS CEDROS ORIENTAL,UPZ13
008511,CEDRO NARVAEZ,UPZ13
002572,SALAZAR USME,UPZ57
002553,SUMAPAZ,UPZ67
009232,SABANA DE TIBABUYES,UPZ71
002539,SAN RAFAEL,UPZ67
008308,EL CHICO,UPZ97
005305,LA PATRIA,UPZ21
005204,SAN FERNANDO OCCIDENTAL,UPZ22
105104,EL TINTAL,UPZ77
001323,NUEVA DELHI,UPZ51
007311,SIETE DE AGOSTO,UPZ98
007303,COLOMBIA,UPZ98
006315,LA ESPERANZA SUR,UPZ110
002510,LA PICOTA ORIENTAL,UPZ55
201306,TIBAQUE I,UPZ32
002617,EL REFUGIO I,UPZ59
004536,EL RUBI,UPZ48
102502,EL UVAL RURAL,3
002598,EL MOCHUELO II URBANO,UPZ63
004524,SAN PABLO BOSA,UPZ85
001344,LOS SOCHES,UPZ52
002630,EL PORTAL DEL DIVINO,UPZ59
002517,LUCERO DEL SUR,UPZ67
004551,HIPOTECHO SUR,UPZ44
205101,VEREDA EL TINTAL URBANO,UPZ78
205102,VEREDA EL TINTAL,UPZ112
009241,BOSQUES DE SAN JORGE,UPZ27
102909,SAN BENITO,3
103205,RAIZAL,4
102116,CHISACA,3
005649,VILLAS DE GRANADA I,UPZ73
005622,BOLIVIA,UPZ72
004548,TECHO,UPZ47
004584,SANTA CATALINA,UPZ48
001405,VEINTE DE JULIO,UPZ34
001412,GRANJAS SAN PABLO,UPZ53
009260,ALTOS DE SUBA,UPZ23
007107,LAS AMERICAS,UPZ101
002563,EL PEDREGAL,UPZ57
008114,PARQUE NACIONAL URBANO,UPZ94
007309,BENJAMIN HERRERA,UPZ98
006308,FRANCO,UPZ112
004586,JIMENEZ DE QUESADA II SECTOR,UPZ85
002566,LA PAZ,UPZ55
002549,VILLA GLORIA,UPZ67
002631,EL NEVADO,UPZ57
002551,ALASKA,UPZ56
008313,LAGO GAITAN,UPZ97
007105,ARMENIA,UPZ101
003210,RAMIREZ,UPZ96
007401,POLO CLUB,UPZ98
002502,MILLAN,UPZ66
001201,SEVILLA,UPZ35
008547,LA ESTRELLITA III,UPZ9
008519,ESTRELLA DEL NORTE,UPZ12
009246,DELMONTE,UPZ23
008410,ESCUELA DE INFANTERIA,UPZ14
008409,ESCUELA DE CABALLERIA I,UPZ14
006506,CASTILLA,UPZ46
009250,TIBABUYES OCCIDENTAL,UPZ71
105314,EL CORZO RURAL,UPZ86
008502,LA PRADERA NORTE,UPZ12
005647,VILLAS DE GRANADA,UPZ73
002456,QUIBA I,UPZ68
004560,SAUCEDAL,UPZ80
001307,RAMAJAL,UPZ32
008529,SAN JOSE DE USAQUEN,UPZ10
101302,MOLINO RURAL,UPZ32
007104,TEUSAQUILLO,UPZ101
001355,LAS GUACAMAYAS I,UPZ50
004594,SAN ANTONIO,UPZ84
005623,LOS ANGELES,UPZ73
008407,USAQUEN,UPZ14
005609,TABORA,UPZ30
007205,PALERMO,UPZ101
006508,LAS DOS AVENIDAS,UPZ46
001408,VILLA DE LOS ALPES,UPZ34
008536,BOSQUE DE PINOS I,UPZ13
008523,SAN ANTONIO NORTE,UPZ9
004108,SANTA ISABEL,UPZ37
007308,QUINTA MUTIS,UPZ98
006532,KASANDRA,UPZ77
005603,BOYACA,UPZ30
007202,SAN LUIS,UPZ100
008408,SANTA ANA,UPZ14
006511,LA PAMPA,UPZ46
001333,ALTOS DEL POBLADO,UPZ50
001311,LA GLORIA OCCIDENTAL,UPZ50
004105,EDUARDO SANTOS,UPZ37
004633,SANTA FE BOSA,UPZ86
006518,OSORIO III,UPZ79
004583,ARGELIA II,UPZ85
101307,TIHUAQUE RURAL,UPZ52
002521,LUCERO ALTO,UPZ67
002514,MEISSEN,UPZ67
002587,BRISAS DEL VOLADOR,UPZ67
001304,BELLO HORIZONTE,UPZ34
002444,SIERRA MORENA II,UPZ69
002532,QUINTAS DEL SUR,UPZ67
006509,LUSITANIA,UPZ113
004554,PATIO BONITO,UPZ82
006104,LA FAVORITA,UPZ102
009238,SANTA TERESA DE SUBA,UPZ28
002420,LA CORUNA,UPZ65
009258,CASA BLANCA SUBA I,UPZ23
201502,SIBERIA RURAL,UPZ90
009240,POTRERILLO,UPZ28
002571,ANTONIO JOSE DE SUCRE,UPZ58
004101,RICAURTE,UPZ102
001431,LA RESURRECCION I,UPZ53
001321,SAN MARTIN SUR,UPZ50
002508,TUNJUELITO,UPZ62
005664,EL DORADO,UPZ72
004562,LLANO GRANDE,UPZ80
007102,SANTA TERESITA,UPZ101
006207,BATALLON CALDAS,UPZ111
006528,EL VERGEL,UPZ112
103108,LOS RIOS,4
001113,SAN BLAS II,UPZ32
009138,CASABLANCA SUBA URBANO I,UPZ2
008424,SEGUNDO CONTADOR,UPZ13
002522,EL MOCHUELO ORIENTAL,UPZ63
004106,EL VERGEL,UPZ37
008112,SUCRE,UPZ99
006210,CENTRO NARINO,UPZ107
005107,ACEVEDO TEJADA,UPZ107
002525,BARRANQUILLITA,UPZ57
007207,GALERIAS,UPZ100
004508,CIUDAD KENNEDY OCCIDENTAL,UPZ47
009231,SUBA CERROS,UPZ27
009105,PRADO PINZON,UPZ19
002609,EL BOSQUE,UPZ57
007304,CONCEPCION NORTE,UPZ98
005116,PABLO VI NORTE,UPZ104
003211,GIRARDOT,UPZ96
003201,SAN BERNARDINO,UPZ95
002204,QUIROGA SUR,UPZ39
109111,SAN JOSE,5
109116,NUEVA GRANADA,5
109110,CONCEPCION,5
006103,SANTA FE,UPZ102
004552,GUALOCHE,UPZ85
004576,CASA BLANCA SUR,UPZ81
107112,LA LOMITA,1
002102,SAN ANTONIO,UPZ38
002542,SERRANIAS,UPZ58
001413,LA RESURRECCION,UPZ53
004307,SAN GABRIEL,UPZ43
008102,PARQUE NACIONAL,UPZ91
006205,INDUSTRIAL CENTENARIO,UPZ108
006512,VILLA ALSACIA,UPZ113
008522,EL ROCIO NORTE,UPZ9
205221,GALAN RURAL,UPZ79
102405,PEPINITOS,UPZ61
009116,PRADO VERANIEGO NORTE,UPZ24
109114,TUNAL BAJO,5
005503,BELLAVISTA OCCIDENTAL,UPZ26
205402,EL CHARCO,UPZ76
001205,SOCIEGO,UPZ33
002573,ARBORIZADORA ALTA,UPZ70
001334,LAS GAVIOTAS,UPZ51
009267,VILLA MARIA I,UPZ28
005644,BOCHICA II,UPZ72
001322,SAN RAFAEL USME,UPZ51
009236,LA CAROLINA DE SUBA,UPZ71
005640,BOLIVIA ORIENTAL,UPZ72
009213,EL PINO,UPZ27
009207,VILLA ELISA,UPZ28
009214,TUNA ALTA,UPZ27
005620,FLORENCIA,UPZ30
009130,CANODROMO,UPZ19
005680,VILLA DEL MAR,UPZ74
208203,LA ESTRELLITA,UPZ9
005682,CIUDAD BACHUE II,UPZ29
004607,CIUDAD DE CALI,UPZ82
002506,GRAN YOMASA,UPZ57
002504,COMPARTIR,UPZ67
004209,SANTA MATILDE,UPZ40
005307,LOS ANDES,UPZ21
001430,VILLA DE LOS ALPES I,UPZ34
001109,LA MARIA,UPZ33
102604,LA REQUILINA RURAL II,UPZ61
006109,COLSEGUROS,UPZ102
002202,QUIROGA,UPZ39
001418,MARRUECOS,UPZ54
006408,EL CARMEN FONTIBON,UPZ75
005637,VILLA GLADYS,UPZ74
003106,CENTRO ADMINISTRATIVO,UPZ94
005672,LAS NAVETAS,UPZ117
001114,VELODROMO,UPZ33
004303,BARCELONA,UPZ43
004580,BOSA NOVA EL PORVENIR,UPZ84
006531,CIUDAD TECHO II,UPZ46
001108,SAN CRISTOBAL SUR,UPZ32
002560,BELLAVISTA LUCERO ALTO,UPZ67
008301,CHICO NORTE II SECTOR,UPZ97
009216,LA GAITANA,UPZ71
202506,EL NUEVO PORTAL II RURAL,UPZ61
201404,LA PEÃ‘A RURAL,UPZ96
002540,ESTRELLA DEL SUR,UPZ67
107101,GUAYMARAL,1
004502,HIPOTECHO OCCIDENTAL,UPZ44
006516,TINTALA,UPZ79
105210,OSORIO X,UPZ86
001410,MARCO FIDEL SUAREZ,UPZ53
002503,LA AURORA,UPZ57
002505,NUEVO SAN ANDRES,UPZ57
001403,HOSPITAL SAN CARLOS,UPZ36
002435,EL CHIRCAL SUR,UPZ65
002559,LOS ALPES SUR,UPZ67
002554,GIBRALTAR SUR,UPZ67
008111,CATALUNA,UPZ99
006101,FLORIDA,UPZ102
009112,NIZA SUBA,UPZ24
004403,AUTOPISTA MUZU,UPZ41
005201,JORGE ELIECER GAITAN,UPZ22
008419,ESCUELA DE CABALLERIA II,UPZ14
002621,SAN FELIPE DE USME,UPZ57
009107,PRADO VERANIEGO,UPZ19
002426,SANTO DOMINGO,UPZ69
003203,SANTA BARBARA,UPZ94
004104,LA ESTANZUELA,UPZ102
001103,VITELMA,UPZ32
004592,SAN MARTIN,UPZ84
001104,MOLINOS DE ORIENTE,UPZ32
003108,LA CAPUCHINA,UPZ93
001332,VILLABEL,UPZ51
002611,CHARALA,UPZ58
007103,LA MAGDALENA,UPZ101
004538,OLARTE,UPZ49
002590,LA FISCALA,UPZ56
008105,LA MACARENA,UPZ92
003107,SANTA INES,UPZ93
004202,COMUNEROS,UPZ40
004208,LOS EJIDOS,UPZ108
002588,EL MOCHUELO III URBANO,UPZ64
001423,ARBOLEDA SUR,UPZ54
004316,LAS MARGARITAS,UPZ83
004609,LOS ALMENDROS,UPZ82
004612,DINDALITO,UPZ82
004626,LAS ACACIAS,UPZ82
004601,CALANDAIMA,UPZ79
004614,DINDALITO,UPZ82
001414,MOLINOS DEL SUR,UPZ54
002530,QUIBA,UPZ68
004203,LA ASUNCION,UPZ40
002633,LAS VIOLETAS,UPZ52
003212,LOURDES,UPZ96
008401,LA CALLEJA,UPZ15
002552,JUAN PABLO II,UPZ67
004212,TIBANA,UPZ40
008402,COUNTRY CLUB,UPZ15
005667,CENTRO ENGATIVA II,UPZ74
005308,RIONEGRO,UPZ21
006515,VALLADOLID,UPZ46
002580,BELLA FLOR,UPZ67
006409,BELEN FONTIBON,UPZ75
001207,NARINO SUR,UPZ33
002564,EL MINUTO DE MARIA,UPZ68
204128,QUIBA RURAL,3
006105,SAN VICTORINO,UPZ102
001206,QUINTA RAMOS,UPZ33
006420,LA GIRALDA,UPZ75
002586,YOMASA NORTE,UPZ58
005110,EL SALITRE,UPZ104
002523,LA ALAMEDA,UPZ67
009219,CAMPANELLA,UPZ27
006502,MARSELLA,UPZ113
002512,AREA ARTILLERIA,UPZ62
009134,SAN JOSE V SECTOR,UPZ18
009247,IRAGUA,UPZ23
201503,SIBERIA  II,UPZ90
001328,SANTA RITA SUR ORIENTAL,UPZ51
004558,CAMPO HERMOSO,UPZ82
001404,SOSIEGO SUR,UPZ36
002311,VILLA MAYOR,UPZ39
001420,EL PLAYON,UPZ54
209106,LA UNION URBANO,5
001308,SANTA INES SUR,UPZ32
003109,VERACRUZ,UPZ93
001362,ARBOLEDA SANTA TERESITA,UPZ51
002570,EL MIRADOR,UPZ67
003104,LA CONCORDIA,UPZ94
004619,CHUCUA DE LA VACA III,UPZ80
004611,EL JAZMIN,UPZ82
004605,CHICALA,UPZ84
205209,EL JAZMIN,UPZ82
004632,LA CABANA,UPZ86
004593,LA LIBERTAD,UPZ84
004618,DINTALITO,UPZ82
103109,LAS SOPAS,4
004617,TINTALITO,UPZ82
009262,LA GAITANA ORIENTAL,UPZ71
008514,EL CONTADOR,UPZ13
001402,GUSTAVO RESTREPO,UPZ36
002568,ARBORIZADORA ALTA,UPZ70
004515,TUNDAMA,UPZ48
006211,CUNDINAMARCA,UPZ108
009202,EL RINCON,UPZ28
009251,SAN CARLOS DE SUBA,UPZ71
008302,SEMINARIO,UPZ88
001416,SAN AGUSTIN,UPZ55
006202,GRAN AMERICA,UPZ107
006410,CENTRO FONTIBON,UPZ75
005509,SAN JOAQUIN,UPZ26
002635,BRISAS DEL LLANO,UPZ61
004539,GRAN COLOMBIANO,UPZ85
002511,LA PICOTA,UPZ54
006504,BAVARIA,UPZ46
004574,CHARLES DE GAULLE,UPZ85
009113,SAN JOSE DE BAVARIA,UPZ17
002555,SAN JUAN BAUTISTA,UPZ57
105402,CHARCO RURAL,UPZ76
006521,SABANA GRANDE,UPZ77
002307,INGLES,UPZ39
002308,CLARET,UPZ39
002408,FATIMA,UPZ42
001211,POLICARPA,UPZ35
002436,BELLAVISTA,UPZ70
007206,BELALCAZAR,UPZ100
004603,EL PARAISO,UPZ82
004613,PROVIVIENDA OCCIDENTAL,UPZ82
004604,BRASILIA,UPZ84
006201,EL RECUERDO,UPZ107
007101,LA SOLEDAD,UPZ101
002460,ARBORIZADORA ALTA I,UPZ70
009104,VICTORIA NORTE,UPZ19
008213,CHAPINERO CENTRAL,UPZ99
008524,LA GRANJA NORTE,UPZ10
002595,LAGUNITAS URBANO,UPZ64
004543,ALQUERIA LA FRAGUA,UPZ45
001203,CARACAS,UPZ35
003209,EL DORADO,UPZ96
003101,LA ALAMEDA,UPZ93
202404,SAN FELIPE DE USME RURAL,UPZ57
004520,LA PAZ BOSA,UPZ84
004310,PROVIVIENDA NORTE,UPZ43
004517,JACQUELINE,UPZ48
003102,LAS NIEVES,UPZ93
006413,SAN PABLO JERICO,UPZ76
102312,CIUDAD LONDRES RURAL,UPZ51
103201,BETANIA,4
006407,GUADUAL FONTIBON,UPZ75
002516,MEXICO,UPZ67
001330,CANADA O GUIRA,UPZ51
001417,LOS MOLINOS,UPZ54
002531,CANDELARIA LA NUEVA,UPZ66
009118,BATAN,UPZ20
009103,CANTAGALLO,UPZ18
009209,VILLA MARIA,UPZ28
006208,ORTEZAL,UPZ111
009224,NUEVA TIBABUYES,UPZ71
005616,LOS CEREZOS,UPZ29
104129,EL MOCHUELO II,3
004625,EL REMANSO I,UPZ84
005109,CENTRO ADMINISTRATIVO OCC.,UPZ104
007203,CHAPINERO OCCIDENTAL,UPZ100
004528,PASO ANCHO,UPZ85
005661,LUIS CARLOS GALAN,UPZ29
008202,EMAUS,UPZ88
005654,GRAN GRANADA,UPZ73
005304,LA CASTELLANA,UPZ21
004544,LAS DELICIAS,UPZ45
002507,ABRAHAM LINCOLN,UPZ62
205316,VILLA EMMA,UPZ87
005510,EL LAUREL,UPZ26
105223,OSORIO XXIII,UPZ86
006417,VILLA CARMENZA,UPZ75
005605,EL ENCANTO,UPZ31
005205,SIMON BOLIVAR,UPZ22
008403,LA CAROLINA,UPZ15
002546,NACIONES UNIDAS,UPZ67
008518,CAOBOS SALAZAR,UPZ13
008512,CEDRITOS,UPZ13
004201,PENSILVANIA,UPZ108
008101,SAGRADO CORAZON,UPZ91
202309,EL BOSQUE SUR ORIENTAL RURAL III,UPZ61
201108,EL REFUGIO II,UPZ88
001303,CORDOBA,UPZ34
002411,ISLA DEL SOL,UPZ42
002612,LA COMUNA,UPZ59
001424,BARCELONA SUR,UPZ34
004569,JOSE ANTONIO GALAN,UPZ85
005601,EL MINUTO DE DIOS,UPZ29
009259,BERLIN,UPZ71
004111,EL PROGRESO,UPZ37
002513,LAS ACACIAS,UPZ66
001204,CIUDAD JARDIN SUR,UPZ35
002209,QUIROGA I,UPZ39
208127,PARAMO RURAL V,UPZ89
008508,CEDRO SALAZAR,UPZ13
008506,BARRANCAS NORTE,UPZ11
008525,LA URIBE,UPZ10
108102,TIBABITA RURAL,UPZ1
008544,CANAIMA,UPZ1
004598,VILLA ANNY I,UPZ85
203106,NAZARETH URBANO,4
005638,SANTA CECILIA,UPZ31
005625,LOS ALAMOS,UPZ30
004599,VILLA ANNY II,UPZ85
009110,MAZUREN,UPZ19
001119,AGUAS CLARAS I,UPZ32
004590,SAN BERNARDINO XXV URBANO,UPZ87
009243,LAS MERCEDES I,1
005634,EL CORTIJO,UPZ72
007106,ESTRELLA,UPZ101
007209,ALFONSO LOPEZ,UPZ100
104112,SANTA ROSA,3
004577,SAN BERNARDINO XXII URBANO,UPZ87
102911,CURUBITAL,3
001209,MODELO SUR,UPZ33
009252,BILBAO,UPZ71
202204,LA ESPERANZA SUR I,UPZ61
006534,EL TINTAL IV,UPZ78
004550,JOSE MARIA CARBONEL,UPZ85
006107,PALOQUEMAO,UPZ102
008108,SAMPER,UPZ91
102407,TIBAQUE SUR,UPZ52
109113,LAGUNITAS,5
109107,CHORRERAS,5
109103,LAS VEGAS,5
002575,CERRO COLORADO,UPZ70
109101,EL TOLDO,5
004407,ALCALA,UPZ41
004568,JORGE URIBE BOTERO,UPZ81
004616,OSORIO X URBANO,UPZ86
008416,MOLINOS NORTE,UPZ16
007305,LA ESPERANZA,UPZ98
008319,EL BAGAZAL,UPZ88
005670,LA RIVIERA,UPZ74
008540,LA ESTRELLITA I,UPZ9
009257,TIBABUYES,UPZ71
009208,COSTA AZUL,UPZ28
208107,LA ESPERANZA,UPZ89
002589,PORVENIR,UPZ56
001116,TIBAQUE URBANO,UPZ32
201508,PARDO RUBIO  I,UPZ90
201408,LA PERSEVERANCIA I,UPZ92
008515,LOS CEDROS,UPZ13
004204,MONTES,UPZ40
004582,RENANIA URAPANES,UPZ48
002451,SAN ANTONIO DEL MIRADOR,UPZ69
004595,CHICO SUR,UPZ84
005115,PARQUE POPULAR SALITRE,UPZ103
006203,LA FLORIDA OCCIDENTAL,UPZ108
006110,USATAMA,UPZ102
008507,BARRANCAS,UPZ11
005668,VILLAS DE ALCALA,UPZ73
004526,BOSA NOVA,UPZ84
005657,SABANA DEL DORADO,UPZ74
001429,GUIPARMA,UPZ54
102401,LOS ARRAYANES,UPZ61
004602,REMANSO URBANO,UPZ87
205320,EL REMANSO,UPZ87
009121,CLUB DE LOS LAGARTOS,UPZ25
009223,TTES DE COLOMBIA,UPZ28
005629,EL CEDRO,UPZ73
003204,BELEN,UPZ94
002450,PERDOMO ALTO,UPZ69
002433,EL PENON DEL CORTIJO,UPZ69
004535,CLASS,UPZ81
004525,PASTRANA,UPZ47
001347,JUAN REY SUR,UPZ52
102112,EL HATO,3
107110,CASABLANCA SUBA I,UPZ2
009128,EL PLAN,UPZ23
002421,RAFAEL ESCAMILLA,UPZ65
009265,VEREDA SUBA CERROS II,UPZ23
001302,MONTEBELLO,UPZ34
002415,MADELENA,UPZ65
205322,CAMPO VERDE,UPZ87
005617,PRIMAVERA,UPZ29
008305,BELLAVISTA,UPZ88
201110,INGEMAR ORIENTAL I,UPZ90
201304,AGUAS CLARAS,UPZ32
005606,NORMANDIA OCCIDENTAL,UPZ31
106301,ENGATIVA EL DORADO,UPZ73
001314,SAN JOSE SUR ORIENTAL,UPZ50
001208,LA HORTUA,UPZ35
005613,LA SERENA,UPZ29
005614,VILLA LUZ,UPZ31
004643,EL CORZO I,UPZ86
002562,CENTRAL DE MEZCLAS,UPZ63
102310,EL BOSQUE SUR ORIENTAL RURAL I,3
004587,LOS SAUCES,UPZ84
009205,AURES,UPZ28
002606,EL CURUBO,UPZ57
002441,LOS TRES REYES I,UPZ69
001356,VILLA DEL CERRO,UPZ51
005402,SANTA ROSA,UPZ25
008517,LA LIBERIA,UPZ12
009229,TOSCANA,UPZ71
002538,USMINIA,UPZ58
002301,EDUARDO FREY,UPZ38
109106,LA UNION,5
009135,PORTALES DEL NORTE,UPZ18
009253,SAN PEDRO,UPZ71
005610,LA GRANJA,UPZ30
106201,EL PANTANO,UPZ74
105105,VEREDA EL TINTAL RURAL,UPZ78
001336,JUAN JOSE RONDON I,UPZ52
006522,EL TINTAL II,UPZ77
005662,EL CEDRO,UPZ74
008106,BOSQUE IZQUIERDO,UPZ92
004210,JORGE GAITAN CORTES,UPZ40
004317,CAMELIA II,UPZ43
101301,HOYA SAN CRISTOBAL,UPZ32
101502,SIBERIA,UPZ90
008215,INGEMAR,UPZ90
004637,LAS MARGARITAS,UPZ86
002461,ARBORIZADORA ALTA  II,UPZ70
101306,TIBAQUE,UPZ50
008503,SANTA TERESA,UPZ10
002596,EL MOCHUELO ALTO,UPZ64
008520,BOSQUE DE PINOS,UPZ11
008539,TORCA I,UPZ1
108101,TORCA RURAL I,UPZ1
108110,TORCA RURAL II,1
202601,CENTRO USME,UPZ61
001411,SAN JORGE SUR,UPZ53
001310,LA VICTORIA,UPZ50
001112,PRIMERO DE MAYO,UPZ33
004588,EL DANUBIO AZUL,UPZ84
004405,OSPINA PEREZ SUR,UPZ41
008314,ANTIGUO COUNTRY,UPZ97
108113,BOSQUE DE PINOS III RURAL,UPZ13
005504,LA ESTRADITA,UPZ26
009244,VILLA HERMOSA,UPZ27
006404,PUERTA DE TEJA,UPZ115
002446,LOS TRES REYES,UPZ69
009225,TIBABUYES UNIVERSAL,UPZ71
009222,ALTOS DE CHOZICA,UPZ24
103106,NAZARETH,4
005612,PARIS GAITAN,UPZ29
005639,QUIRIGUA ORIENTAL,UPZ29
006218,CENTRO INDUSTRIAL,UPZ111
009123,NIZA NORTE,UPZ24
005643,ALAMOS,UPZ73
104104,PASQUILLA,3
009221,LA CHUCUA,UPZ28
004589,SAN PEDRO,UPZ84
002447,EL MIRADOR DE LA ESTANCIA,UPZ69
002526,SANTA LIBRADA,UPZ57
002430,LAS BRISAS,UPZ70
004402,REMANSO,UPZ40
208101,PARAMO IV,UPZ89
006320,CIUDAD HAYUELOS,UPZ112
007403,SAN FELIPE,UPZ98
001327,LOS LIBERTADORES,UPZ51
004503,PROVIVIENDA ORIENTAL,UPZ44
004211,BOCHICA,UPZ40
004504,PROVIVIENDA,UPZ45
004408,TEJAR,UPZ41
004404,AUTOPISTA SUR,UPZ41
004581,TIMIZA C,UPZ48
002574,CEDRITOS DEL SUR,UPZ68
007204,QUESADA,UPZ100
102114,LOS ANDES,3
001427,PUERTO RICO,UPZ54
002442,SANTA VIVIANA,UPZ69
102910,ARRAYAN,3
004623,SAN BERNARDINO POTRERITOS,UPZ84
104114,QUIBA ALTO,3
008204,GRANADA,UPZ90
002578,ARABIA,UPZ68
009131,SANTA HELENA,UPZ19
003103,LAS AGUAS,UPZ94
008107,SAN DIEGO,UPZ91
101110,PARAMO I RURAL,UPZ88
108109,PARAMO I,UPZ88
001342,ALTOS DEL ZIPA,UPZ32
002419,RINCON DE LA VALVANERA,UPZ69
004304,GALAN,UPZ43
001435,LOS ARRAYANES II,UPZ55
005602,SANTA MARIA,UPZ30
002584,EL MOCHUELO,UPZ68
005405,LAS FERIAS OCCIDENTAL,UPZ26
005611,AUTOPISTA MEDELLIN,UPZ29
201309,TIBAQUE II,UPZ52
005648,VILLA AMALIA,UPZ73
002409,NUEVO MUZU,UPZ42
002455,LA VALVANERA,UPZ69
005641,SANTA MONICA,UPZ73
102707,OLARTE,3
002543,COMUNEROS,UPZ58
006301,SANTA CECILIA,UPZ114
004563,GUADALUPE,UPZ65
004406,OSPINA PEREZ,UPZ41
004533,EL RETAZO,UPZ85
001353,LAS GUACAMAYAS IV,UPZ50
004547,CORABASTOS,UPZ80
201302,EL TRIANGULO,UPZ32
201317,TIBAQUE III,UPZ32
001352,LAS GUACAMAYAS II,UPZ50
005652,EL MUELLE,UPZ74
108104,PARAMO,UPZ14
008538,BOSQUE DE PINOS III,UPZ13
008304,LOS ROSALES,UPZ88
101101,EL BAGAZAL,UPZ88
008303,EL REFUGIO,UPZ88
009133,MIRANDELA,UPZ17
005619,PARIS,UPZ30
005608,SANTA HELENITA,UPZ30
002429,MARIA CANO,UPZ69
002440,SIERRA MORENA,UPZ69
006206,EL EJIDO,UPZ108
008221,SIBERIA URBANO,UPZ90
002529,LA MARICHUELA,UPZ57
004638,CIUDADELA EL RECREO II,UPZ87
001118,LOS LAURELES SUR ORIENTAL I,UPZ32
009255,SANTA RITA DE SUBA,UPZ71
009256,SANTA CECILIA,UPZ71
002416,EL ENSUENO,UPZ69
002581,LA TORRE,UPZ67
009136,CASABLANCA SUBA URBANO,1
107111,CASABLANCA SUBA II,1
009120,NUEVA ZELANDIA,UPZ17
002401,TUNAL ORIENTAL,UPZ42
002402,SAN VICENTE FERRER,UPZ42
002407,EL CARMEN,UPZ42
002406,SAMORE,UPZ42
002614,LA ORQUIDEA DE USME,UPZ59
007301,LA MERCED NORTE,UPZ98
002413,MUZU,UPZ42
001346,CIUDAD LONDRES I,UPZ51
006514,VERGEL OCCIDENTAL,UPZ46
103101,SANTA ROSA ALTA,4
208125,SAN LUIS ALTOS DEL CABO RURAL II,UPZ89
004506,LA CAMPINA,UPZ45
004556,GRAN BRITALIA I,UPZ81
009217,RINCON DE SANTA INES,UPZ27
002418,LA ESTANCIA,UPZ69
102412,TOCAIMITA SUR,UPZ61
002592,DESARROLLO BRAZUELOS,UPZ58
104128,EL MOCHUELO III,3
009132,ESCUELA DE CARABINEROS,UPZ23
005101,JOSE JOAQUIN VARGAS,UPZ22
009210,LAS FLORES,UPZ27
103102,TAQUECITOS,4
101201,HOYA TEUSACA,UPZ92
001354,LAS GUACAMAYAS III,UPZ50
009242,TUNA BAJA,UPZ27
009233,TIBABUYES,UPZ27
107107,LAS MERCEDES SUBA RURAL,1
003205,EL GUAVIO,UPZ96
001339,BOSQUE DE LOS ALPES,UPZ32
101405,PARQUE NACIONAL ORIENTAL,UPZ92
003208,EL ROCIO,UPZ96
001312,LOS ALPES,UPZ32
008311,EL NOGAL,UPZ88
003105,EGIPTO,UPZ94
008312,ESPARTILLAL,UPZ97
007404,ALCAZARES NORTE,UPZ98
001210,CALVO SUR,UPZ33
008521,TIBABITA,UPZ9
009139,CASABLANCA SUBA URBANO II,1
104130,BRAZUELOS OCCIDENTAL RURAL,UPZ64
004523,JIMENEZ DE QUESADA,UPZ85
008212,MARLY,UPZ99
104119,CIUDAD BOLIVAR RURAL I,3
006209,QUINTA PAREDES,UPZ107
005635,EL MADRIGAL,UPZ73
002607,LA ESPERANZA SUR,UPZ57
204129,EL MOCHUELO II NORTE,3
207801,SANTA CECILIA DE SUBA I,UPZ71
009226,SALITRE SUBA,UPZ27
009237,RINCON DE SUBA,UPZ28
107102,CASABLANCA SUBA,UPZ2
008505,SAN CRISTOBAL NORTE,UPZ11
009125,PASADENA,UPZ20
008420,PARAMO URBANO I,UPZ14
005607,SAN IGNACIO,UPZ116
003206,LA PENA,UPZ96
003207,LOS LACHES,UPZ96
006525,EL CHANCO I,UPZ77
008110,EL PARAISO,UPZ90
204304,LAGUNITAS,3
005626,LOS ALAMOS,UPZ116
103202,EL ISTMO,4
001337,SAN PEDRO SUR,UPZ52
103204,LAGUNA VERDE,4
005666,LA FAENA,UPZ74
108114,PARAMO III RURAL,UPZ14
005684,QUIRIGUA II,UPZ29
201109,INGEMAR I,UPZ90
009117,PRADO VERANIEGO SUR,UPZ19
001421,DIANA TURBAY,UPZ55
102309,EL BOSQUE SUR ORIENTAL RURAL II,UPZ61
104113,SANTA BARBARA,3
102211,LILIANA,UPZ52
104127,EL MOCHUELO IV,3
202203,BOLONIA I,UPZ61
002422,ATLANTA,UPZ65
001305,ATENAS,UPZ34
102506,PORTAL RURAL II,UPZ61
002453,CIUDAD BOLIVAR,UPZ70
005306,ENTRERIOS,UPZ21
004509,CIUDAD KENNEDY,UPZ44
001338,LA BELLEZA,UPZ51
002622,TOCAIMITA ORIENTAL I,UPZ57
006524,LA MAGDALENA,UPZ78
208126,SAN ISIDRO RURAL II,UPZ89
006316,BOSQUE DE MODELIA,UPZ114
009248,TIBABUYES II,UPZ71
002583,QUIBA URBANO,UPZ68
102406,EL BOSQUE CENTRAL,UPZ61
102118,LAS VIOLETAS RURAL,3
104108,LAS MERCEDES,3
102110,EL PORVENIR DE LOS SOCHES,3
004591,EL PORTAL DEL BRASIL,UPZ84
101308,CHIGUAZA RURAL,UPZ51
009111,MONACO,UPZ20
002431,POTOSI,UPZ70
001335,VILLA DIANA,UPZ52
008207,BOSQUE CALDERON,UPZ90
105403,EL CHANCO RURAL III,UPZ77
004578,VILLA NELLY III SECTOR,UPZ80
004620,CHUCUA DE LA VACA II,UPZ80
004530,TIMIZA B,UPZ48
002524,LA ANDREA,UPZ57
009204,EL RINCON NORTE,UPZ28
002616,EL NUEVO PORTAL,UPZ59
205225,LAS ACACIAS RURAL,UPZ82
004642,ISLANDIA,UPZ85
001313,BELLAVISTA SUR,UPZ32
001422,DIANA TURBAY ARRAYANES,UPZ55
103103,SANTA ROSA BAJA,4
002309,VILLA MAYOR ORIENTAL,UPZ38
008426,SAN GABRIEL NORTE II,UPZ14
002582,BELLA FLOR SUR,UPZ67
002432,ARBORIZADORA BAJA,UPZ65
009235,CIUDAD HUNZA,UPZ28
009126,ESTORIL,UPZ20
008406,SAN GABRIEL NORTE,UPZ14
009268,SANTA CECILIA DE SUBA I,UPZ72
009266,RINCON ALTAMAR,UPZ28
004527,NUEVA GRANADA BOSA,UPZ85
001318,QUINDIO,UPZ50
002515,SAN FRANCISCO,UPZ66
004513,SAN DIEGO-BOSA,UPZ85
208128,TORCA II,UPZ1
009129,VILLA DEL PRADO,UPZ17
009101,GRANADA NORTE,UPZ18
009102,BRITALIA,UPZ18
205401,EL CHANCO II,UPZ77
006319,TERMINAL DE TRANSPORTES,UPZ110
001348,LA CABANA,UPZ52
008208,PARDO RUBIO,UPZ90
005675,BOLIVIA,UPZ73
006313,SALITRE OCCIDENTAL,UPZ110
007312,RAFAEL URIBE,UPZ98
009245,PINOS DE LOMBARDIA,UPZ27
004306,LA TRINIDAD,UPZ43
005650,CIUDADELA COLSUBSIDIO,UPZ72
009201,LOS NARANJOS,UPZ28
002445,CARACOLI,UPZ69
102808,LA REGADERA,3
005679,SAN ANTONIO ENGATIVA,UPZ74
004559,EL CARMELO,UPZ81
104102,PASQUILLITA,3
103206,PENALISA,4
005669,EL GACO,UPZ74
006519,MORAVIA,UPZ77
002579,VILLA CANDELARIA,UPZ70
002591,BRAZUELOS OCCIDENTAL,UPZ64
002576,SERRANIAS I,UPZ58
004566,PATIO BONITO III,UPZ82
002536,MONTEBLANCO,UPZ58
001426,SAN LUIS,UPZ36
004302,SAN RAFAEL,UPZ43
004557,GRAN BRITALIA,UPZ81
004522,BOSA,UPZ85
004561,EL JARDIN,UPZ85
009203,PUERTA DEL SOL,UPZ28
006419,EL REFUGIO,UPZ76
006416,ATAHUALPA,UPZ75
006403,SAN JOSE DE FONTIBON,UPZ115
006414,BRISAS ALDEA FONTIBON,UPZ76
006401,VERSALLES FONTIBON,UPZ75
005624,AEROPUERTO EL DORADO,UPZ117
006402,LA CABANA FONTIBON,UPZ75
004573,CIUDADELA EL RECREO,UPZ87
208129,LAS DELICIAS DEL CARMEN II SECTOR,UPZ14
001301,GRANADA SUR,UPZ34
102113,LAS MARGARITAS,3
006217,CIUDAD SALITRE SUR-ORIENTAL,UPZ109
008527,EL CEREZO,UPZ9
008545,MIRADOR DEL NORTE,UPZ9
108111,TIBABITA RURAL I,UPZ10
008528,SAN ANTONIO NOROCCIDENTAL,UPZ10
008501,EL TOBERIN,UPZ12
008526,EL VERVENAL,UPZ9
108103,BARRANCAS ORIENTAL RURAL,UPZ11
008504,LA CITA,UPZ11
008203,LAS ACACIAS,UPZ90
105401,EL CHANCO RURAL II,UPZ77
008205,MARIA CRISTINA,UPZ90
008206,LA SALLE,UPZ90
101103,INGEMAR ORIENTAL RURAL,UPZ90
005502,LA ESTRADA,UPZ26
002449,ESPINO I,UPZ69
008535,BUENAVISTA,UPZ9
005207,METROPOLIS,UPZ22
005310,ESCUELA MILITAR,UPZ21
008542,TIBABITA I,UPZ9
008537,VERBENAL SAN ANTONIO,UPZ9
002443,LA PRIMAVERA I,UPZ69
009234,SABANA DE TIBABUYES NORTE,UPZ71
009230,SAN CAYETANO,UPZ28
009106,SAN JOSE DEL PRADO,UPZ19
004401,SAN EUSEBIO,UPZ40
208104,PARAMO URBANO,UPZ14
107109,BARAJAS NORTE,1
002410,PARQUE EL TUNAL,UPZ42
002404,VENECIA,UPZ42
009206,AURES II,UPZ28
002403,VENECIA OCCIDENTAL,UPZ42
105325,SAN BERNARDINO XXV,UPZ87
103104,LAS ANIMAS,4
208110,SAN LUIS ALTOS DEL CABO RURAL,UPZ89
009263,VILLA ALCAZAR,UPZ28
009212,SUBA URBANO,UPZ27
202410,TOCAIMITA ORIENTAL,UPZ61
107106,TUNA RURAL,1
005630,CIUDAD BACHUE,UPZ29
105318,SAN BERNARDINO XVIII,UPZ87
002632,LA REQUILINA,UPZ61
006505,PIO XII,UPZ46
002304,SANTIAGO PEREZ,UPZ39
002613,EL PROGRESO USME,UPZ59
002306,BRAVO PAEZ,UPZ39
002205,SANTA LUCIA,UPZ39
008543,SANTA CECILIA PUENTE NORTE,UPZ11
201105,EL REFUGIO I,UPZ88
002201,OLAYA,UPZ39
002203,QUIROGA CENTRAL,UPZ39
002105,SANTANDER,UPZ38
002303,CENTENARIO,UPZ39
002310,MURILLO TORO,UPZ39
006411,CHARCO URBANO,UPZ76
205109,LA MAGDALENA I,UPZ78
205227,OSORIO IX,UPZ79
002643,EL SALTEADOR,UPZ61
008103,LA MERCED,UPZ91
001324,EL PINAR,UPZ51
001363,COLMENA I LOS PINARES,UPZ51
004514,CIUDAD KENNEDY NORTE,UPZ47
002569,ARBORIZADORA ALTA,UPZ70
006204,ESTACION CENTRAL,UPZ108
006108,SAMPER MENDOZA,UPZ102
008201,QUINTA CAMACHO,UPZ97
004621,CHUCUA DE LA VACA I,UPZ80
008516,LAS ORQUIDEAS,UPZ12
004572,CORREDOR FERREO DEL SUR,UPZ45
005628,GARCES NAVAS ORIENTAL,UPZ73
006507,NUEVO TECHO,UPZ46
005106,NICOLAS DE FEDERMAN,UPZ106
002556,DESARROLLO BRAZUELOS I,UPZ58
003202,LAS CRUCES,UPZ95
005105,CAMPIN OCCIDENTAL,UPZ106
004534,ROMA,UPZ48
006307,MONTEVIDEO,UPZ112
002537,CHUNIZA,UPZ58
006303,LA ESPERANZA NORTE,UPZ110
002601,ARRAYANES I,UPZ60
208111,SAN ISIDRO RURAL,UPZ89
006302,CAPELLANIA,UPZ114
007302,ALCAZARES,UPZ98
005114,CAMPO EUCARISTICO,UPZ104
204131,MOCHUELO ALTO URBANO,3
102122,LA REQUILINA RURAL,UPZ61
104131,MOCHUELO ALTO RURAL,3
002423,ESPINO,UPZ69
006510,VILLA ALSACIA II,UPZ46
006106,EL LISTON,UPZ102
001425,GRANJAS DE SANTA SOFIA,UPZ53
001406,SAN ISIDRO,UPZ34
102602,CENTRO USME RURAL I,UPZ61
006501,COOPERATIVA DE SUB-OFICIALES,UPZ113
004512,TIMIZA,UPZ45
008417,SANTA BARBARA OCCIDENTAL,UPZ16
008307,CHICO NORTE,UPZ97
005506,JARDIN BOTANICO,UPZ105
004510,CIUDAD KENNEDY ORIENTAL,UPZ47
004309,LA CAMELIA,UPZ40
005673,PUEBLO VIEJO,UPZ117
007405,ONCE DE NOVIEMBRE,UPZ98
006311,MODELIA,UPZ114
009140,NUESTRA SENORA DEL ROSARIO,1
004532,LA CECILIA,UPZ48
002618,PUERTA AL LLANO DE USME,UPZ59
004308,COLON,UPZ43
002518,RONDA,UPZ66
001331,ALTOS DEL ZUQUE,UPZ50
004549,NUEVA YORK,UPZ45
007407,LA AURORA,UPZ98
002629,EL NEVADO II,UPZ60
007402,JUAN XXIII,UPZ98
008310,EL RETIRO,UPZ88
004102,LA SABANA,UPZ102
006418,PUENTE GRANDE,UPZ76
006503,VISION DE ORIENTE,UPZ46
008214,CHAPINERO NORTE,UPZ99
003215,SAN FRANCISCO RURAL,UPZ96
007306,BAQUERO,UPZ98
005113,PAULO VI,UPZ106
002528,SANTA LIBRADA NORTE,UPZ57
001409,LAS LOMAS,UPZ34
009141,LA CANDELARIA,1
004301,SAN RAFAEL INDUSTRIAL,UPZ43
006306,GRANJAS DE TECHO,UPZ112
004596,ALQUERIA LA FRAGUA II,UPZ45
004567,VILLAS DEL PROGRESO,UPZ84
004537,CASABLANCA,UPZ47
004564,TAIRONA,UPZ82
204106,NUEVA ESPERANZA,3
001428,CERROS DE ORIENTE,UPZ54
102111,LOS ARRAYANES,3
103203,EL TABACO,4
204107,EL MIRADOR II,3
004634,CANAVERALEJO,UPZ86
002615,LA ESPERANZA DE USME,UPZ58
101309,LA ARBOLEDA RURAL,UPZ50
001407,SURAMERICA,UPZ34
002428,PRIMAVERA II,UPZ69
004518,TIMIZA A,UPZ48
005104,EL ROSARIO,UPZ103
007310,LA PAZ,UPZ98
005203,SAN FERNANDO,UPZ22
004206,SAN FRANCISCO,UPZ43
009115,IBERIA,UPZ24
006405,FERROCAJA FONTIBON,UPZ115
002520,LAS MANAS,UPZ70
002565,PARAISO QUIBA,UPZ67
001419,CALLEJON SANTA BARBARA,UPZ54
002438,SIERRA MORENA,UPZ69
008533,HORIZONTES NORTE,UPZ9
001309,SAN VICENTE,UPZ32
208103,BARRANCAS ORIENTAL,UPZ11
005112,PARQUE DISTRITAL SALITRE,UPZ103
004103,VOTO NACIONAL,UPZ102
202511,PUERTA AL LLANO RURAL,UPZ59
205308,CANAVERALEJO RURAL,UPZ86
009124,PUENTE LARGO,UPZ20
004628,BETANIA,UPZ84
004624,LA VEGA SAN BERNARDINO,UPZ87
004627,GALAN,UPZ79
005621,FLORIDA BLANCA,UPZ30
009108,CIUDAD JARDIN NORTE,UPZ24
002610,CHAPINERITO,UPZ59
102601,CENTRO USME RURAL,UPZ61
002577,DANUBIO II,UPZ56
008220,SIBERIA CENTRAL,UPZ90
001316,MORALBA,UPZ50
004575,LOS LAURELES,UPZ85
004409,ALQUERIA,UPZ41
005631,CIUDAD BACHUE I ETAPA,UPZ29
004615,OSORIO XII,UPZ83
002620,EL NUEVO PORTAL II,UPZ59
004412,REMANSO SUR,UPZ40
002414,ISMAEL PERDOMO,UPZ69
109112,CAPITOLIO,5
005655,GARCES NAVAS SUR,UPZ73
001101,LAS BRISAS,UPZ33
104110,QUIBA BAJO,3
004641,LA INDEPENDENCIA,UPZ84
005632,BOCHICA,UPZ29
002412,VERONA,UPZ70
004505,PROVIVIENDA OCCIDENTAL,UPZ45
002101,LA FRAGUITA,UPZ38
008415,SANTA BARBARA CENTRAL,UPZ16
002602,FISCALA ALTA,UPZ60
002519,DANUBIO,UPZ56
103107,LAS PALMAS,4
005604,EL REAL,UPZ31
009227,LECH WALESA,UPZ28
009261,TUNA,UPZ71
004109,VERAGUAS,UPZ37
002599,CENTRO USME URBANO,UPZ61
008306,PORCIUNCULA,UPZ97
105203,OSORIO II,UPZ78
004521,LA ESTACION BOSA,UPZ85
002594,VILLA ISRAEL,UPZ58
005660,SAN ANTONIO URBANO,UPZ74
002640,EL PEDREGAL II,UPZ57
001202,CIUDAD BERNA,UPZ35
004529,CEMENTERIO JARDINES APOGEO,UPZ49
004631,EL CORZO,UPZ86
002597,LA FISCALA NORTE,UPZ56
002634,EL TUNO,UPZ61
005505,BOSQUE POPULAR,UPZ26
004545,CATALINA,UPZ48
002547,EL TESORO,UPZ68
004519,ESCOCIA,UPZ84
004507,CIUDAD KENNEDY SUR,UPZ47
001357,SANTA INES SUR II,UPZ32
004546,VILLA DEL RIO,UPZ49
007406,SANTA SOFIA,UPZ98
005507,NORMANDIA,UPZ31
005663,EL DORADO INDUSTRIAL,UPZ73
006415,LA LAGUNA FONTIBON,UPZ75
103105,LAS AURAS,4
002557,JUAN JOSE RONDON,UPZ66
004511,CIUDAD KENNEDY CENTRAL,UPZ47
009220,LAGO DE SUBA,UPZ28
009122,LAS VILLAS,UPZ24
009254,LISBOA,UPZ71
208108,SAN ISIDRO RURAL,UPZ89
009114,GILMAR,UPZ18
002434,JERUSALEN,UPZ70
006406,VILLEMAR,UPZ75
008309,LA CABRERA,UPZ88
001432,DIANA TURBAY CULTIVOS,UPZ55
105103,SAN PEDRO,UPZ77
001115,MONTE CARLO,UPZ32
002534,CASA DE TEJA,UPZ68
007307,MUEQUETA,UPZ98
005665,MARANDU,UPZ74
005111,LA ESMERALDA,UPZ106
007201,CAMPIN,UPZ100
001345,DONA LILIANA,UPZ52
204104,PASQUILLA URBANA,3
005406,BONANZA,UPZ26
006312,MODELIA OCCIDENTAL,UPZ114
002437,LA PRADERA,UPZ70
002637,ARRAYANES VI,UPZ55
006527,INTERINDUSTRIAL,UPZ112
002558,VILLAS EL DIAMANTE,UPZ67
005683,QUIRIGUA I,UPZ29
005404,LAS FERIAS,UPZ26
005501,PALO BLANCO,UPZ26
004597,SAN BERNARDINO I,UPZ85
002548,EL VIRREY,UPZ58
004305,LA PRADERA,UPZ43
001358,CHIGUAZA URBANO,UPZ50
002625,ARRAYANES V,UPZ60
001111,SANTA ANA SUR,UPZ33
001107,LAS MERCEDES,UPZ32
005117,RAFAEL NUNEZ,UPZ106
002544,LOS LAURELES II,UPZ66
008211,JUAN XXIII,UPZ90
205319,SAN BERNARDINO XIX,UPZ87
004555,PATIO BONITO II,UPZ82
002405,ESCUELA GENERAL SANTANDER,UPZ42
004579,ESCOCIA,UPZ84
006423,EL TINTAL CENTRAL,UPZ112
001110,SAN JAVIER,UPZ33
005202,DOCE DE OCTUBRE,UPZ22
005206,LA LIBERTAD,UPZ22
002550,DUITAMA,UPZ56
001340,TIHUAQUE,UPZ52
002305,LIBERTADOR,UPZ39
004501,HIPOTECHO,UPZ44
002533,SOTAVENTO,UPZ68
004565,TOCAREMA,UPZ48
004516,BOITA,UPZ48
002417,BARLOVENTO,UPZ69
001306,SAN PEDRO,UPZ32
005102,POPULAR MODELO,UPZ22
008418,SAN PATRICIO,UPZ16
005658,VILLA SAGRARIO,UPZ73
004635,SAN BERNARDINO II,UPZ86
001106,SAN BLAS,UPZ32
001329,EL PARAISO,UPZ51
001434,CARMEN DEL SOL,UPZ54
001317,PUENTE COLORADO,UPZ50
008510,ACACIAS USAQUEN,UPZ13
002527,LA CABANA,UPZ57
006517,MARIA PAZ,UPZ80
008530,LAS MARGARITAS,UPZ13
006216,CIUDAD SALITRE NOR-ORIENTAL,UPZ109
109109,TUNAL ALTO,5
002439,SIERRA MORENA,UPZ69
009142,CONEJERA,1
002427,GALICIA,UPZ69
002424,RINCON DE GALICIA,UPZ69
002448,PERDOMO ALTO,UPZ69
102603,CENTRO USME RURAL II,UPZ61
009218,ALMIRANTE COLON,UPZ24
003110,LA CATEDRAL,UPZ94
002608,EL BOSQUE CENTRAL I,UPZ57
001320,NUEVA GLORIA,UPZ51
006215,PUENTE ARANDA,UPZ111
007208,BANCO CENTRAL,UPZ100
002545,EL SATELITE,UPZ66
002627,LA REFORMA,UPZ59
001102,BUENOS AIRES,UPZ33
104118,CIUDAD BOLIVAR RURAL III,3
005401,POTOSI,UPZ25
009109,NIZA SUR,UPZ24
009228,LOMBARDIA,UPZ28
004413,AUTOPISTA MUZU ORIENTAL,UPZ41
004540,CATALINA II,UPZ48
002626,BOLONIA I,UPZ60
004205,PRIMAVERA OCCIDENTAL,UPZ40
002585,EL MOCHUELO URBANO,UPZ68
002302,SANTANDER SUR,UPZ38
002604,LOS OLIVARES,UPZ57
002642,EL PORTAL URBANO,UPZ59
008413,SANTA BARBARA ORIENTAL,UPZ14
202502,EL UVAL,UPZ61
002509,SAN BENITO,UPZ62
002593,TUNJUELITO,UPZ58
009239,LAS MERCEDES SUBA,UPZ27
008404,BELLA SUIZA,UPZ14
002535,PALERMO SUR,UPZ55
002104,RESTREPO OCCIDENTAL,UPZ38
002107,LA FRAGUA,UPZ38
004107,SANTA ISABEL SUR,UPZ37
002106,SENA,UPZ38
002103,RESTREPO,UPZ38
006523,SAN PEDRO DE LOS ROBLES,UPZ75
001415,MARCO FIDEL SUAREZ I,UPZ54
004553,ANDALUCIA II,UPZ85
004622,BRASIL,UPZ84
108108,PARAMO II,UPZ89
008411,RINCON DEL CHICO,UPZ16
005108,CIUDAD UNIVERSITARIA,UPZ104
004541,EL PARAISO BOSA,UPZ82
109104,SAN JUAN,5
001319,LA GLORIA ORIENTAL,UPZ50
008414,SANTA ANA OCCIDENTAL,UPZ14
008513,LISBOA,UPZ13
001350,YOMASA,UPZ51
102115,LA UNION,3
008532,EL REDIL,UPZ10
009211,EL POA,UPZ28
002561,CORDILLERA DEL SUR,UPZ67
109105,SANTO DOMINGO,5
002501,SAN CARLOS,UPZ62
008315,CHICO NORTE III SECTOR,UPZ97
008412,SANTA BIBIANA,UPZ16
009127,ANDES NORTE,UPZ25
005403,JULIO FLOREZ,UPZ25
004531,MANDALAY,UPZ44
209104,SAN JUAN URBANO,5
006533,EL TINTAL III,UPZ78
008425,GINEBRA II,UPZ14
002541,GRANADA SUR,UPZ58
005636,ENGATIVA ZONA URBANA,UPZ74
009249,VEREDA SUBA NARANJOS,UPZ24
004207,GORGONZOLA,UPZ108
004570,ANTONIA SANTOS,UPZ85
004542,ALQUERIA LA FRAGUA NORTE,UPZ45
006529,EL VERGEL ORIENTAL,UPZ46
104107,BELLA FLOR SUR RURAL,3
005627,GARCES NAVAS,UPZ73
108112,PARAMO II RURAL,UPZ14
006212,SALAZAR GOMEZ,UPZ111
002636,LA HUERTA,UPZ61
