"State","School_closure","Shelter_in_place","state_name","state","early_rate"
"05001","1/15/2020","3/20/2020","Antioquia","Medellín",0.0454
"05002","1/15/2020","3/20/2020","Antioquia","Abejorral",0.0454
"05004","1/15/2020","3/20/2020","Antioquia","Abriaquí",0.0454
"05021","1/15/2020","3/20/2020","Antioquia","Alejandría",0.0454
"05030","1/15/2020","3/20/2020","Antioquia","Amagá",0.0454
"05031","1/15/2020","3/20/2020","Antioquia","Amalfi",0.0454
"05034","1/15/2020","3/20/2020","Antioquia","Andes",0.0454
"05036","1/15/2020","3/20/2020","Antioquia","Angelópolis",0.0454
"05038","1/15/2020","3/20/2020","Antioquia","Angostura",0.0454
"05040","1/15/2020","3/20/2020","Antioquia","Anorí",0.0454
"05042","1/15/2020","3/20/2020","Antioquia","Santafé de Antioquia",0.0454
"05044","1/15/2020","3/20/2020","Antioquia","Anza",0.0454
"05045","1/15/2020","3/20/2020","Antioquia","Apartadó",0.0454
"05051","1/15/2020","3/20/2020","Antioquia","Arboletes",0.0454
"05055","1/15/2020","3/20/2020","Antioquia","Argelia",0.0454
"05059","1/15/2020","3/20/2020","Antioquia","Armenia",0.0454
"05079","1/15/2020","3/20/2020","Antioquia","Barbosa",0.0454
"05086","1/15/2020","3/20/2020","Antioquia","Belmira",0.0454
"05088","1/15/2020","3/20/2020","Antioquia","Bello",0.0454
"05091","1/15/2020","3/20/2020","Antioquia","Betania",0.0454
"05093","1/15/2020","3/20/2020","Antioquia","Betulia",0.0454
"05101","1/15/2020","3/20/2020","Antioquia","Ciudad Bolívar",0.0454
"05107","1/15/2020","3/20/2020","Antioquia","Briceño",0.0454
"05113","1/15/2020","3/20/2020","Antioquia","Buriticá",0.0454
"05120","1/15/2020","3/20/2020","Antioquia","Cáceres",0.0454
"05125","1/15/2020","3/20/2020","Antioquia","Caicedo",0.0454
"05129","1/15/2020","3/20/2020","Antioquia","Caldas",0.0454
"05134","1/15/2020","3/20/2020","Antioquia","Campamento",0.0454
"05138","1/15/2020","3/20/2020","Antioquia","Cañasgordas",0.0454
"05142","1/15/2020","3/20/2020","Antioquia","Caracolí",0.0454
"05145","1/15/2020","3/20/2020","Antioquia","Caramanta",0.0454
"05147","1/15/2020","3/20/2020","Antioquia","Carepa",0.0454
"05148","1/15/2020","3/20/2020","Antioquia","El Carmen de Viboral",0.0454
"05150","1/15/2020","3/20/2020","Antioquia","Carolina",0.0454
"05154","1/15/2020","3/20/2020","Antioquia","Caucasia",0.0454
"05172","1/15/2020","3/20/2020","Antioquia","Chigorodó",0.0454
"05190","1/15/2020","3/20/2020","Antioquia","Cisneros",0.0454
"05197","1/15/2020","3/20/2020","Antioquia","Cocorná",0.0454
"05206","1/15/2020","3/20/2020","Antioquia","Concepción",0.0454
"05209","1/15/2020","3/20/2020","Antioquia","Concordia",0.0454
"05212","1/15/2020","3/20/2020","Antioquia","Copacabana",0.0454
"05234","1/15/2020","3/20/2020","Antioquia","Dabeiba",0.0454
"05237","1/15/2020","3/20/2020","Antioquia","Don Matías",0.0454
"05240","1/15/2020","3/20/2020","Antioquia","Ebéjico",0.0454
"05250","1/15/2020","3/20/2020","Antioquia","El Bagre",0.0454
"05264","1/15/2020","3/20/2020","Antioquia","Entrerrios",0.0454
"05266","1/15/2020","3/20/2020","Antioquia","Envigado",0.0454
"05282","1/15/2020","3/20/2020","Antioquia","Fredonia",0.0454
"05284","1/15/2020","3/20/2020","Antioquia","Frontino",0.0454
"05306","1/15/2020","3/20/2020","Antioquia","Giraldo",0.0454
"05308","1/15/2020","3/20/2020","Antioquia","Girardota",0.0454
"05310","1/15/2020","3/20/2020","Antioquia","Gómez Plata",0.0454
"05313","1/15/2020","3/20/2020","Antioquia","Granada",0.0454
"05315","1/15/2020","3/20/2020","Antioquia","Guadalupe",0.0454
"05318","1/15/2020","3/20/2020","Antioquia","Guarne",0.0454
"05321","1/15/2020","3/20/2020","Antioquia","Guatape",0.0454
"05347","1/15/2020","3/20/2020","Antioquia","Heliconia",0.0454
"05353","1/15/2020","3/20/2020","Antioquia","Hispania",0.0454
"05360","1/15/2020","3/20/2020","Antioquia","Itagui",0.0454
"05361","1/15/2020","3/20/2020","Antioquia","Ituango",0.0454
"05364","1/15/2020","3/20/2020","Antioquia","Jardín",0.0454
"05368","1/15/2020","3/20/2020","Antioquia","Jericó",0.0454
"05376","1/15/2020","3/20/2020","Antioquia","La Ceja",0.0454
"05380","1/15/2020","3/20/2020","Antioquia","La Estrella",0.0454
"05390","1/15/2020","3/20/2020","Antioquia","La Pintada",0.0454
"05400","1/15/2020","3/20/2020","Antioquia","La Unión",0.0454
"05411","1/15/2020","3/20/2020","Antioquia","Liborina",0.0454
"05425","1/15/2020","3/20/2020","Antioquia","Maceo",0.0454
"05440","1/15/2020","3/20/2020","Antioquia","Marinilla",0.0454
"05467","1/15/2020","3/20/2020","Antioquia","Montebello",0.0454
"05475","1/15/2020","3/20/2020","Antioquia","Murindó",0.0454
"05480","1/15/2020","3/20/2020","Antioquia","Mutatá",0.0454
"05483","1/15/2020","3/20/2020","Antioquia","Nariño",0.0454
"05490","1/15/2020","3/20/2020","Antioquia","Necoclí",0.0454
"05495","1/15/2020","3/20/2020","Antioquia","Nechí",0.0454
"05501","1/15/2020","3/20/2020","Antioquia","Olaya",0.0454
"05541","1/15/2020","3/20/2020","Antioquia","Peñol",0.0454
"05543","1/15/2020","3/20/2020","Antioquia","Peque",0.0454
"05576","1/15/2020","3/20/2020","Antioquia","Pueblorrico",0.0454
"05579","1/15/2020","3/20/2020","Antioquia","Puerto Berrío",0.0454
"05585","1/15/2020","3/20/2020","Antioquia","Puerto Nare",0.0454
"05591","1/15/2020","3/20/2020","Antioquia","Puerto Triunfo",0.0454
"05604","1/15/2020","3/20/2020","Antioquia","Remedios",0.0454
"05607","1/15/2020","3/20/2020","Antioquia","Retiro",0.0454
"05615","1/15/2020","3/20/2020","Antioquia","Rionegro",0.0454
"05628","1/15/2020","3/20/2020","Antioquia","Sabanalarga",0.0454
"05631","1/15/2020","3/20/2020","Antioquia","Sabaneta",0.0454
"05642","1/15/2020","3/20/2020","Antioquia","Salgar",0.0454
"05647","1/15/2020","3/20/2020","Antioquia","San Andrés de Cuerquía",0.0454
"05649","1/15/2020","3/20/2020","Antioquia","San Carlos",0.0454
"05652","1/15/2020","3/20/2020","Antioquia","San Francisco",0.0454
"05656","1/15/2020","3/20/2020","Antioquia","San Jerónimo",0.0454
"05658","1/15/2020","3/20/2020","Antioquia","San José de la Montaña",0.0454
"05659","1/15/2020","3/20/2020","Antioquia","San Juan de Urabá",0.0454
"05660","1/15/2020","3/20/2020","Antioquia","San Luis",0.0454
"05664","1/15/2020","3/20/2020","Antioquia","San Pedro",0.0454
"05665","1/15/2020","3/20/2020","Antioquia","San Pedro de Uraba",0.0454
"05667","1/15/2020","3/20/2020","Antioquia","San Rafael",0.0454
"05670","1/15/2020","3/20/2020","Antioquia","San Roque",0.0454
"05674","1/15/2020","3/20/2020","Antioquia","San Vicente",0.0454
"05679","1/15/2020","3/20/2020","Antioquia","Santa Bárbara",0.0454
"05686","1/15/2020","3/20/2020","Antioquia","Santa Rosa de Osos",0.0454
"05690","1/15/2020","3/20/2020","Antioquia","Santo Domingo",0.0454
"05697","1/15/2020","3/20/2020","Antioquia","El Santuario",0.0454
"05736","1/15/2020","3/20/2020","Antioquia","Segovia",0.0454
"05756","1/15/2020","3/20/2020","Antioquia","Sonson",0.0454
"05761","1/15/2020","3/20/2020","Antioquia","Sopetrán",0.0454
"05789","1/15/2020","3/20/2020","Antioquia","Támesis",0.0454
"05790","1/15/2020","3/20/2020","Antioquia","Tarazá",0.0454
"05792","1/15/2020","3/20/2020","Antioquia","Tarso",0.0454
"05809","1/15/2020","3/20/2020","Antioquia","Titiribí",0.0454
"05819","1/15/2020","3/20/2020","Antioquia","Toledo",0.0454
"05837","1/15/2020","3/20/2020","Antioquia","Turbo",0.0454
"05842","1/15/2020","3/20/2020","Antioquia","Uramita",0.0454
"05847","1/15/2020","3/20/2020","Antioquia","Urrao",0.0454
"05854","1/15/2020","3/20/2020","Antioquia","Valdivia",0.0454
"05856","1/15/2020","3/20/2020","Antioquia","Valparaíso",0.0454
"05858","1/15/2020","3/20/2020","Antioquia","Vegachí",0.0454
"05861","1/15/2020","3/20/2020","Antioquia","Venecia",0.0454
"05873","1/15/2020","3/20/2020","Antioquia","Vigía del Fuerte",0.0454
"05885","1/15/2020","3/20/2020","Antioquia","Yalí",0.0454
"05887","1/15/2020","3/20/2020","Antioquia","Yarumal",0.0454
"05890","1/15/2020","3/20/2020","Antioquia","Yolombó",0.0454
"05893","1/15/2020","3/20/2020","Antioquia","Yondó",0.0454
"05895","1/15/2020","3/20/2020","Antioquia","Zaragoza",0.0454
"08001","1/15/2020","3/20/2020","Atlantico","Barranquilla",0.0454
"08078","1/15/2020","3/20/2020","Atlantico","Baranoa",0.0454
"08137","1/15/2020","3/20/2020","Atlantico","Campo de la Cruz",0.0454
"08141","1/15/2020","3/20/2020","Atlantico","Candelaria",0.0454
"08296","1/15/2020","3/20/2020","Atlantico","Galapa",0.0454
"08372","1/15/2020","3/20/2020","Atlantico","Juan de Acosta",0.0454
"08421","1/15/2020","3/20/2020","Atlantico","Luruaco",0.0454
"08433","1/15/2020","3/20/2020","Atlantico","Malambo",0.0454
"08436","1/15/2020","3/20/2020","Atlantico","Manatí",0.0454
"08520","1/15/2020","3/20/2020","Atlantico","Palmar de Varela",0.0454
"08549","1/15/2020","3/20/2020","Atlantico","Piojó",0.0454
"08558","1/15/2020","3/20/2020","Atlantico","Polonuevo",0.0454
"08560","1/15/2020","3/20/2020","Atlantico","Ponedera",0.0454
"08573","1/15/2020","3/20/2020","Atlantico","Puerto Colombia",0.0454
"08606","1/15/2020","3/20/2020","Atlantico","Repelón",0.0454
"08634","1/15/2020","3/20/2020","Atlantico","Sabanagrande",0.0454
"08638","1/15/2020","3/20/2020","Atlantico","Sabanalarga",0.0454
"08675","1/15/2020","3/20/2020","Atlantico","Santa Lucía",0.0454
"08685","1/15/2020","3/20/2020","Atlantico","Santo Tomás",0.0454
"08758","1/15/2020","3/20/2020","Atlantico","Soledad",0.0454
"08770","1/15/2020","3/20/2020","Atlantico","Suan",0.0454
"08832","1/15/2020","3/20/2020","Atlantico","Tubará",0.0454
"08849","1/15/2020","3/20/2020","Atlantico","Usiacurí",0.0454
"11001","1/15/2020","3/20/2020","Bogota","Bogotá",0.0454
"13001","1/15/2020","3/20/2020","Bolivar","Cartagena",0.0454
"13006","1/15/2020","3/20/2020","Bolivar","Achí",0.0454
"13030","1/15/2020","3/20/2020","Bolivar","Altos del Rosario",0.0454
"13042","1/15/2020","3/20/2020","Bolivar","Arenal",0.0454
"13052","1/15/2020","3/20/2020","Bolivar","Arjona",0.0454
"13062","1/15/2020","3/20/2020","Bolivar","Arroyohondo",0.0454
"13074","1/15/2020","3/20/2020","Bolivar","Barranco de Loba",0.0454
"13140","1/15/2020","3/20/2020","Bolivar","Calamar",0.0454
"13160","1/15/2020","3/20/2020","Bolivar","Cantagallo",0.0454
"13188","1/15/2020","3/20/2020","Bolivar","Cicuco",0.0454
"13212","1/15/2020","3/20/2020","Bolivar","Córdoba",0.0454
"13222","1/15/2020","3/20/2020","Bolivar","Clemencia",0.0454
"13244","1/15/2020","3/20/2020","Bolivar","El Carmen de Bolívar",0.0454
"13248","1/15/2020","3/20/2020","Bolivar","El Guamo",0.0454
"13268","1/15/2020","3/20/2020","Bolivar","El Peñón",0.0454
"13300","1/15/2020","3/20/2020","Bolivar","Hatillo de Loba",0.0454
"13430","1/15/2020","3/20/2020","Bolivar","Magangué",0.0454
"13433","1/15/2020","3/20/2020","Bolivar","Mahates",0.0454
"13440","1/15/2020","3/20/2020","Bolivar","Margarita",0.0454
"13442","1/15/2020","3/20/2020","Bolivar","María La Baja",0.0454
"13458","1/15/2020","3/20/2020","Bolivar","Montecristo",0.0454
"13468","1/15/2020","3/20/2020","Bolivar","Mompós",0.0454
"13473","1/15/2020","3/20/2020","Bolivar","Morales",0.0454
"13490","1/15/2020","3/20/2020","Bolivar","Norosí",0.0454
"13549","1/15/2020","3/20/2020","Bolivar","Pinillos",0.0454
"13580","1/15/2020","3/20/2020","Bolivar","Regidor",0.0454
"13600","1/15/2020","3/20/2020","Bolivar","Río Viejo",0.0454
"13620","1/15/2020","3/20/2020","Bolivar","San Cristóbal",0.0454
"13647","1/15/2020","3/20/2020","Bolivar","San Estanislao",0.0454
"13650","1/15/2020","3/20/2020","Bolivar","San Fernando",0.0454
"13654","1/15/2020","3/20/2020","Bolivar","San Jacinto",0.0454
"13655","1/15/2020","3/20/2020","Bolivar","San Jacinto del Cauca",0.0454
"13657","1/15/2020","3/20/2020","Bolivar","San Juan Nepomuceno",0.0454
"13667","1/15/2020","3/20/2020","Bolivar","San Martín de Loba",0.0454
"13670","1/15/2020","3/20/2020","Bolivar","San Pablo",0.0454
"13673","1/15/2020","3/20/2020","Bolivar","Santa Catalina",0.0454
"13683","1/15/2020","3/20/2020","Bolivar","Santa Rosa",0.0454
"13688","1/15/2020","3/20/2020","Bolivar","Santa Rosa del Sur",0.0454
"13744","1/15/2020","3/20/2020","Bolivar","Simití",0.0454
"13760","1/15/2020","3/20/2020","Bolivar","Soplaviento",0.0454
"13780","1/15/2020","3/20/2020","Bolivar","Talaigua Nuevo",0.0454
"13810","1/15/2020","3/20/2020","Bolivar","Tiquisio",0.0454
"13836","1/15/2020","3/20/2020","Bolivar","Turbaco",0.0454
"13838","1/15/2020","3/20/2020","Bolivar","Turbaná",0.0454
"13873","1/15/2020","3/20/2020","Bolivar","Villanueva",0.0454
"13894","1/15/2020","3/20/2020","Bolivar","Zambrano",0.0454
"15001","1/15/2020","3/20/2020","Boyaca","Tunja",0.0454
"15022","1/15/2020","3/20/2020","Boyaca","Almeida",0.0454
"15047","1/15/2020","3/20/2020","Boyaca","Aquitania",0.0454
"15051","1/15/2020","3/20/2020","Boyaca","Arcabuco",0.0454
"15087","1/15/2020","3/20/2020","Boyaca","Belén",0.0454
"15090","1/15/2020","3/20/2020","Boyaca","Berbeo",0.0454
"15092","1/15/2020","3/20/2020","Boyaca","Betéitiva",0.0454
"15097","1/15/2020","3/20/2020","Boyaca","Boavita",0.0454
"15104","1/15/2020","3/20/2020","Boyaca","Boyacá",0.0454
"15106","1/15/2020","3/20/2020","Boyaca","Briceño",0.0454
"15109","1/15/2020","3/20/2020","Boyaca","Buenavista",0.0454
"15114","1/15/2020","3/20/2020","Boyaca","Busbanzá",0.0454
"15131","1/15/2020","3/20/2020","Boyaca","Caldas",0.0454
"15135","1/15/2020","3/20/2020","Boyaca","Campohermoso",0.0454
"15162","1/15/2020","3/20/2020","Boyaca","Cerinza",0.0454
"15172","1/15/2020","3/20/2020","Boyaca","Chinavita",0.0454
"15176","1/15/2020","3/20/2020","Boyaca","Chiquinquirá",0.0454
"15180","1/15/2020","3/20/2020","Boyaca","Chiscas",0.0454
"15183","1/15/2020","3/20/2020","Boyaca","Chita",0.0454
"15185","1/15/2020","3/20/2020","Boyaca","Chitaraque",0.0454
"15187","1/15/2020","3/20/2020","Boyaca","Chivatá",0.0454
"15189","1/15/2020","3/20/2020","Boyaca","Ciénega",0.0454
"15204","1/15/2020","3/20/2020","Boyaca","Cómbita",0.0454
"15212","1/15/2020","3/20/2020","Boyaca","Coper",0.0454
"15215","1/15/2020","3/20/2020","Boyaca","Corrales",0.0454
"15218","1/15/2020","3/20/2020","Boyaca","Covarachía",0.0454
"15223","1/15/2020","3/20/2020","Boyaca","Cubará",0.0454
"15224","1/15/2020","3/20/2020","Boyaca","Cucaita",0.0454
"15226","1/15/2020","3/20/2020","Boyaca","Cuítiva",0.0454
"15232","1/15/2020","3/20/2020","Boyaca","Chíquiza",0.0454
"15236","1/15/2020","3/20/2020","Boyaca","Chivor",0.0454
"15238","1/15/2020","3/20/2020","Boyaca","Duitama",0.0454
"15244","1/15/2020","3/20/2020","Boyaca","El Cocuy",0.0454
"15248","1/15/2020","3/20/2020","Boyaca","El Espino",0.0454
"15272","1/15/2020","3/20/2020","Boyaca","Firavitoba",0.0454
"15276","1/15/2020","3/20/2020","Boyaca","Floresta",0.0454
"15293","1/15/2020","3/20/2020","Boyaca","Gachantivá",0.0454
"15296","1/15/2020","3/20/2020","Boyaca","Gameza",0.0454
"15299","1/15/2020","3/20/2020","Boyaca","Garagoa",0.0454
"15317","1/15/2020","3/20/2020","Boyaca","Guacamayas",0.0454
"15322","1/15/2020","3/20/2020","Boyaca","Guateque",0.0454
"15325","1/15/2020","3/20/2020","Boyaca","Guayatá",0.0454
"15332","1/15/2020","3/20/2020","Boyaca","Güicán",0.0454
"15362","1/15/2020","3/20/2020","Boyaca","Iza",0.0454
"15367","1/15/2020","3/20/2020","Boyaca","Jenesano",0.0454
"15368","1/15/2020","3/20/2020","Boyaca","Jericó",0.0454
"15377","1/15/2020","3/20/2020","Boyaca","Labranzagrande",0.0454
"15380","1/15/2020","3/20/2020","Boyaca","La Capilla",0.0454
"15401","1/15/2020","3/20/2020","Boyaca","La Victoria",0.0454
"15403","1/15/2020","3/20/2020","Boyaca","La Uvita",0.0454
"15407","1/15/2020","3/20/2020","Boyaca","Villa de Leyva",0.0454
"15425","1/15/2020","3/20/2020","Boyaca","Macanal",0.0454
"15442","1/15/2020","3/20/2020","Boyaca","Maripí",0.0454
"15455","1/15/2020","3/20/2020","Boyaca","Miraflores",0.0454
"15464","1/15/2020","3/20/2020","Boyaca","Mongua",0.0454
"15466","1/15/2020","3/20/2020","Boyaca","Monguí",0.0454
"15469","1/15/2020","3/20/2020","Boyaca","Moniquirá",0.0454
"15476","1/15/2020","3/20/2020","Boyaca","Motavita",0.0454
"15480","1/15/2020","3/20/2020","Boyaca","Muzo",0.0454
"15491","1/15/2020","3/20/2020","Boyaca","Nobsa",0.0454
"15494","1/15/2020","3/20/2020","Boyaca","Nuevo Colón",0.0454
"15500","1/15/2020","3/20/2020","Boyaca","Oicatá",0.0454
"15507","1/15/2020","3/20/2020","Boyaca","Otanche",0.0454
"15511","1/15/2020","3/20/2020","Boyaca","Pachavita",0.0454
"15514","1/15/2020","3/20/2020","Boyaca","Páez",0.0454
"15516","1/15/2020","3/20/2020","Boyaca","Paipa",0.0454
"15518","1/15/2020","3/20/2020","Boyaca","Pajarito",0.0454
"15522","1/15/2020","3/20/2020","Boyaca","Panqueba",0.0454
"15531","1/15/2020","3/20/2020","Boyaca","Pauna",0.0454
"15533","1/15/2020","3/20/2020","Boyaca","Paya",0.0454
"15537","1/15/2020","3/20/2020","Boyaca","Paz de Río",0.0454
"15542","1/15/2020","3/20/2020","Boyaca","Pesca",0.0454
"15550","1/15/2020","3/20/2020","Boyaca","Pisba",0.0454
"15572","1/15/2020","3/20/2020","Boyaca","Puerto Boyacá",0.0454
"15580","1/15/2020","3/20/2020","Boyaca","Quípama",0.0454
"15599","1/15/2020","3/20/2020","Boyaca","Ramiriquí",0.0454
"15600","1/15/2020","3/20/2020","Boyaca","Ráquira",0.0454
"15621","1/15/2020","3/20/2020","Boyaca","Rondón",0.0454
"15632","1/15/2020","3/20/2020","Boyaca","Saboyá",0.0454
"15638","1/15/2020","3/20/2020","Boyaca","Sáchica",0.0454
"15646","1/15/2020","3/20/2020","Boyaca","Samacá",0.0454
"15660","1/15/2020","3/20/2020","Boyaca","San Eduardo",0.0454
"15664","1/15/2020","3/20/2020","Boyaca","San José de Pare",0.0454
"15667","1/15/2020","3/20/2020","Boyaca","San Luis de Gaceno",0.0454
"15673","1/15/2020","3/20/2020","Boyaca","San Mateo",0.0454
"15676","1/15/2020","3/20/2020","Boyaca","San Miguel de Sema",0.0454
"15681","1/15/2020","3/20/2020","Boyaca","San Pablo de Borbur",0.0454
"15686","1/15/2020","3/20/2020","Boyaca","Santana",0.0454
"15690","1/15/2020","3/20/2020","Boyaca","Santa María",0.0454
"15693","1/15/2020","3/20/2020","Boyaca","Santa Rosa de Viterbo",0.0454
"15696","1/15/2020","3/20/2020","Boyaca","Santa Sofía",0.0454
"15720","1/15/2020","3/20/2020","Boyaca","Sativanorte",0.0454
"15723","1/15/2020","3/20/2020","Boyaca","Sativasur",0.0454
"15740","1/15/2020","3/20/2020","Boyaca","Siachoque",0.0454
"15753","1/15/2020","3/20/2020","Boyaca","Soatá",0.0454
"15755","1/15/2020","3/20/2020","Boyaca","Socotá",0.0454
"15757","1/15/2020","3/20/2020","Boyaca","Socha",0.0454
"15759","1/15/2020","3/20/2020","Boyaca","Sogamoso",0.0454
"15761","1/15/2020","3/20/2020","Boyaca","Somondoco",0.0454
"15762","1/15/2020","3/20/2020","Boyaca","Sora",0.0454
"15763","1/15/2020","3/20/2020","Boyaca","Sotaquirá",0.0454
"15764","1/15/2020","3/20/2020","Boyaca","Soracá",0.0454
"15774","1/15/2020","3/20/2020","Boyaca","Susacón",0.0454
"15776","1/15/2020","3/20/2020","Boyaca","Sutamarchán",0.0454
"15778","1/15/2020","3/20/2020","Boyaca","Sutatenza",0.0454
"15790","1/15/2020","3/20/2020","Boyaca","Tasco",0.0454
"15798","1/15/2020","3/20/2020","Boyaca","Tenza",0.0454
"15804","1/15/2020","3/20/2020","Boyaca","Tibaná",0.0454
"15806","1/15/2020","3/20/2020","Boyaca","Tibasosa",0.0454
"15808","1/15/2020","3/20/2020","Boyaca","Tinjacá",0.0454
"15810","1/15/2020","3/20/2020","Boyaca","Tipacoque",0.0454
"15814","1/15/2020","3/20/2020","Boyaca","Toca",0.0454
"15816","1/15/2020","3/20/2020","Boyaca","Togüí",0.0454
"15820","1/15/2020","3/20/2020","Boyaca","Tópaga",0.0454
"15822","1/15/2020","3/20/2020","Boyaca","Tota",0.0454
"15832","1/15/2020","3/20/2020","Boyaca","Tununguá",0.0454
"15835","1/15/2020","3/20/2020","Boyaca","Turmequé",0.0454
"15837","1/15/2020","3/20/2020","Boyaca","Tuta",0.0454
"15839","1/15/2020","3/20/2020","Boyaca","Tutazá",0.0454
"15842","1/15/2020","3/20/2020","Boyaca","Umbita",0.0454
"15861","1/15/2020","3/20/2020","Boyaca","Ventaquemada",0.0454
"15879","1/15/2020","3/20/2020","Boyaca","Viracachá",0.0454
"15897","1/15/2020","3/20/2020","Boyaca","Zetaquira",0.0454
"17001","1/15/2020","3/20/2020","Caldas","Manizales",0.0454
"17013","1/15/2020","3/20/2020","Caldas","Aguadas",0.0454
"17042","1/15/2020","3/20/2020","Caldas","Anserma",0.0454
"17050","1/15/2020","3/20/2020","Caldas","Aranzazu",0.0454
"17088","1/15/2020","3/20/2020","Caldas","Belalcázar",0.0454
"17174","1/15/2020","3/20/2020","Caldas","Chinchiná",0.0454
"17272","1/15/2020","3/20/2020","Caldas","Filadelfia",0.0454
"17380","1/15/2020","3/20/2020","Caldas","La Dorada",0.0454
"17388","1/15/2020","3/20/2020","Caldas","La Merced",0.0454
"17433","1/15/2020","3/20/2020","Caldas","Manzanares",0.0454
"17442","1/15/2020","3/20/2020","Caldas","Marmato",0.0454
"17444","1/15/2020","3/20/2020","Caldas","Marquetalia",0.0454
"17446","1/15/2020","3/20/2020","Caldas","Marulanda",0.0454
"17486","1/15/2020","3/20/2020","Caldas","Neira",0.0454
"17495","1/15/2020","3/20/2020","Caldas","Norcasia",0.0454
"17513","1/15/2020","3/20/2020","Caldas","Pácora",0.0454
"17524","1/15/2020","3/20/2020","Caldas","Palestina",0.0454
"17541","1/15/2020","3/20/2020","Caldas","Pensilvania",0.0454
"17614","1/15/2020","3/20/2020","Caldas","Riosucio",0.0454
"17616","1/15/2020","3/20/2020","Caldas","Risaralda",0.0454
"17653","1/15/2020","3/20/2020","Caldas","Salamina",0.0454
"17662","1/15/2020","3/20/2020","Caldas","Samaná",0.0454
"17665","1/15/2020","3/20/2020","Caldas","San José",0.0454
"17777","1/15/2020","3/20/2020","Caldas","Supía",0.0454
"17867","1/15/2020","3/20/2020","Caldas","Victoria",0.0454
"17873","1/15/2020","3/20/2020","Caldas","Villamaría",0.0454
"17877","1/15/2020","3/20/2020","Caldas","Viterbo",0.0454
"18001","1/15/2020","3/20/2020","Caqueta","Florencia",0.0454
"18029","1/15/2020","3/20/2020","Caqueta","Albania",0.0454
"18094","1/15/2020","3/20/2020","Caqueta","Belén de los Andaquies",0.0454
"18150","1/15/2020","3/20/2020","Caqueta","Cartagena del Chairá",0.0454
"18205","1/15/2020","3/20/2020","Caqueta","Curillo",0.0454
"18247","1/15/2020","3/20/2020","Caqueta","El Doncello",0.0454
"18256","1/15/2020","3/20/2020","Caqueta","El Paujil",0.0454
"18410","1/15/2020","3/20/2020","Caqueta","La Montañita",0.0454
"18460","1/15/2020","3/20/2020","Caqueta","Milán",0.0454
"18479","1/15/2020","3/20/2020","Caqueta","Morelia",0.0454
"18592","1/15/2020","3/20/2020","Caqueta","Puerto Rico",0.0454
"18610","1/15/2020","3/20/2020","Caqueta","San José del Fragua",0.0454
"18753","1/15/2020","3/20/2020","Caqueta","San Vicente del Caguán",0.0454
"18756","1/15/2020","3/20/2020","Caqueta","Solano",0.0454
"18785","1/15/2020","3/20/2020","Caqueta","Solita",0.0454
"18860","1/15/2020","3/20/2020","Caqueta","Valparaíso",0.0454
"19001","1/15/2020","3/20/2020","Cauca","Popayán",0.0454
"19022","1/15/2020","3/20/2020","Cauca","Almaguer",0.0454
"19050","1/15/2020","3/20/2020","Cauca","Argelia",0.0454
"19075","1/15/2020","3/20/2020","Cauca","Balboa",0.0454
"19100","1/15/2020","3/20/2020","Cauca","Bolívar",0.0454
"19110","1/15/2020","3/20/2020","Cauca","Buenos Aires",0.0454
"19130","1/15/2020","3/20/2020","Cauca","Cajibío",0.0454
"19137","1/15/2020","3/20/2020","Cauca","Caldono",0.0454
"19142","1/15/2020","3/20/2020","Cauca","Caloto",0.0454
"19212","1/15/2020","3/20/2020","Cauca","Corinto",0.0454
"19256","1/15/2020","3/20/2020","Cauca","El Tambo",0.0454
"19290","1/15/2020","3/20/2020","Cauca","Florencia",0.0454
"19300","1/15/2020","3/20/2020","Cauca","Guachené",0.0454
"19318","1/15/2020","3/20/2020","Cauca","Guapi",0.0454
"19355","1/15/2020","3/20/2020","Cauca","Inzá",0.0454
"19364","1/15/2020","3/20/2020","Cauca","Jambaló",0.0454
"19392","1/15/2020","3/20/2020","Cauca","La Sierra",0.0454
"19397","1/15/2020","3/20/2020","Cauca","La Vega",0.0454
"19418","1/15/2020","3/20/2020","Cauca","López",0.0454
"19450","1/15/2020","3/20/2020","Cauca","Mercaderes",0.0454
"19455","1/15/2020","3/20/2020","Cauca","Miranda",0.0454
"19473","1/15/2020","3/20/2020","Cauca","Morales",0.0454
"19513","1/15/2020","3/20/2020","Cauca","Padilla",0.0454
"19517","1/15/2020","3/20/2020","Cauca","Paez",0.0454
"19532","1/15/2020","3/20/2020","Cauca","Patía",0.0454
"19533","1/15/2020","3/20/2020","Cauca","Piamonte",0.0454
"19548","1/15/2020","3/20/2020","Cauca","Piendamó",0.0454
"19573","1/15/2020","3/20/2020","Cauca","Puerto Tejada",0.0454
"19585","1/15/2020","3/20/2020","Cauca","Puracé",0.0454
"19622","1/15/2020","3/20/2020","Cauca","Rosas",0.0454
"19693","1/15/2020","3/20/2020","Cauca","San Sebastián",0.0454
"19698","1/15/2020","3/20/2020","Cauca","Santander de Quilichao",0.0454
"19701","1/15/2020","3/20/2020","Cauca","Santa Rosa",0.0454
"19743","1/15/2020","3/20/2020","Cauca","Silvia",0.0454
"19760","1/15/2020","3/20/2020","Cauca","Sotara",0.0454
"19780","1/15/2020","3/20/2020","Cauca","Suárez",0.0454
"19785","1/15/2020","3/20/2020","Cauca","Sucre",0.0454
"19807","1/15/2020","3/20/2020","Cauca","Timbío",0.0454
"19809","1/15/2020","3/20/2020","Cauca","Timbiquí",0.0454
"19821","1/15/2020","3/20/2020","Cauca","Toribio",0.0454
"19824","1/15/2020","3/20/2020","Cauca","Totoró",0.0454
"19845","1/15/2020","3/20/2020","Cauca","Villa Rica",0.0454
"20001","1/15/2020","3/20/2020","Cesar","Valledupar",0.0454
"20011","1/15/2020","3/20/2020","Cesar","Aguachica",0.0454
"20013","1/15/2020","3/20/2020","Cesar","Agustín Codazzi",0.0454
"20032","1/15/2020","3/20/2020","Cesar","Astrea",0.0454
"20045","1/15/2020","3/20/2020","Cesar","Becerril",0.0454
"20060","1/15/2020","3/20/2020","Cesar","Bosconia",0.0454
"20175","1/15/2020","3/20/2020","Cesar","Chimichagua",0.0454
"20178","1/15/2020","3/20/2020","Cesar","Chiriguaná",0.0454
"20228","1/15/2020","3/20/2020","Cesar","Curumaní",0.0454
"20238","1/15/2020","3/20/2020","Cesar","El Copey",0.0454
"20250","1/15/2020","3/20/2020","Cesar","El Paso",0.0454
"20295","1/15/2020","3/20/2020","Cesar","Gamarra",0.0454
"20310","1/15/2020","3/20/2020","Cesar","González",0.0454
"20383","1/15/2020","3/20/2020","Cesar","La Gloria",0.0454
"20400","1/15/2020","3/20/2020","Cesar","La Jagua de Ibirico",0.0454
"20443","1/15/2020","3/20/2020","Cesar","Manaure",0.0454
"20517","1/15/2020","3/20/2020","Cesar","Pailitas",0.0454
"20550","1/15/2020","3/20/2020","Cesar","Pelaya",0.0454
"20570","1/15/2020","3/20/2020","Cesar","Pueblo Bello",0.0454
"20614","1/15/2020","3/20/2020","Cesar","Río de Oro",0.0454
"20621","1/15/2020","3/20/2020","Cesar","La Paz",0.0454
"20710","1/15/2020","3/20/2020","Cesar","San Alberto",0.0454
"20750","1/15/2020","3/20/2020","Cesar","San Diego",0.0454
"20770","1/15/2020","3/20/2020","Cesar","San Martín",0.0454
"20787","1/15/2020","3/20/2020","Cesar","Tamalameque",0.0454
"23001","1/15/2020","3/20/2020","Cordoba","Montería",0.0454
"23068","1/15/2020","3/20/2020","Cordoba","Ayapel",0.0454
"23079","1/15/2020","3/20/2020","Cordoba","Buenavista",0.0454
"23090","1/15/2020","3/20/2020","Cordoba","Canalete",0.0454
"23162","1/15/2020","3/20/2020","Cordoba","Cereté",0.0454
"23168","1/15/2020","3/20/2020","Cordoba","Chimá",0.0454
"23182","1/15/2020","3/20/2020","Cordoba","Chinú",0.0454
"23189","1/15/2020","3/20/2020","Cordoba","Ciénaga de Oro",0.0454
"23300","1/15/2020","3/20/2020","Cordoba","Cotorra",0.0454
"23350","1/15/2020","3/20/2020","Cordoba","La Apartada",0.0454
"23417","1/15/2020","3/20/2020","Cordoba","Lorica",0.0454
"23419","1/15/2020","3/20/2020","Cordoba","Los Córdobas",0.0454
"23464","1/15/2020","3/20/2020","Cordoba","Momil",0.0454
"23466","1/15/2020","3/20/2020","Cordoba","Montelíbano",0.0454
"23500","1/15/2020","3/20/2020","Cordoba","Moñitos",0.0454
"23555","1/15/2020","3/20/2020","Cordoba","Planeta Rica",0.0454
"23570","1/15/2020","3/20/2020","Cordoba","Pueblo Nuevo",0.0454
"23574","1/15/2020","3/20/2020","Cordoba","Puerto Escondido",0.0454
"23580","1/15/2020","3/20/2020","Cordoba","Puerto Libertador",0.0454
"23586","1/15/2020","3/20/2020","Cordoba","Purísima",0.0454
"23660","1/15/2020","3/20/2020","Cordoba","Sahagún",0.0454
"23670","1/15/2020","3/20/2020","Cordoba","San Andrés Sotavento",0.0454
"23672","1/15/2020","3/20/2020","Cordoba","San Antero",0.0454
"23675","1/15/2020","3/20/2020","Cordoba","San Bernardo del Viento",0.0454
"23678","1/15/2020","3/20/2020","Cordoba","San Carlos",0.0454
"23682","1/15/2020","3/20/2020","Cordoba","San José de Ure",0.0454
"23686","1/15/2020","3/20/2020","Cordoba","San Pelayo",0.0454
"23807","1/15/2020","3/20/2020","Cordoba","Tierralta",0.0454
"23815","1/15/2020","3/20/2020","Cordoba","Tuchín",0.0454
"23855","1/15/2020","3/20/2020","Cordoba","Valencia",0.0454
"25001","1/15/2020","3/20/2020","Cundinamarca","Agua de Dios",0.0454
"25019","1/15/2020","3/20/2020","Cundinamarca","Albán",0.0454
"25035","1/15/2020","3/20/2020","Cundinamarca","Anapoima",0.0454
"25040","1/15/2020","3/20/2020","Cundinamarca","Anolaima",0.0454
"25053","1/15/2020","3/20/2020","Cundinamarca","Arbeláez",0.0454
"25086","1/15/2020","3/20/2020","Cundinamarca","Beltrán",0.0454
"25095","1/15/2020","3/20/2020","Cundinamarca","Bituima",0.0454
"25099","1/15/2020","3/20/2020","Cundinamarca","Bojacá",0.0454
"25120","1/15/2020","3/20/2020","Cundinamarca","Cabrera",0.0454
"25123","1/15/2020","3/20/2020","Cundinamarca","Cachipay",0.0454
"25126","1/15/2020","3/20/2020","Cundinamarca","Cajicá",0.0454
"25148","1/15/2020","3/20/2020","Cundinamarca","Caparrapí",0.0454
"25151","1/15/2020","3/20/2020","Cundinamarca","Caqueza",0.0454
"25154","1/15/2020","3/20/2020","Cundinamarca","Carmen de Carupa",0.0454
"25168","1/15/2020","3/20/2020","Cundinamarca","Chaguaní",0.0454
"25175","1/15/2020","3/20/2020","Cundinamarca","Chía",0.0454
"25178","1/15/2020","3/20/2020","Cundinamarca","Chipaque",0.0454
"25181","1/15/2020","3/20/2020","Cundinamarca","Choachí",0.0454
"25183","1/15/2020","3/20/2020","Cundinamarca","Chocontá",0.0454
"25200","1/15/2020","3/20/2020","Cundinamarca","Cogua",0.0454
"25214","1/15/2020","3/20/2020","Cundinamarca","Cota",0.0454
"25224","1/15/2020","3/20/2020","Cundinamarca","Cucunubá",0.0454
"25245","1/15/2020","3/20/2020","Cundinamarca","El Colegio",0.0454
"25258","1/15/2020","3/20/2020","Cundinamarca","El Peñón",0.0454
"25260","1/15/2020","3/20/2020","Cundinamarca","El Rosal",0.0454
"25269","1/15/2020","3/20/2020","Cundinamarca","Facatativá",0.0454
"25279","1/15/2020","3/20/2020","Cundinamarca","Fomeque",0.0454
"25281","1/15/2020","3/20/2020","Cundinamarca","Fosca",0.0454
"25286","1/15/2020","3/20/2020","Cundinamarca","Funza",0.0454
"25288","1/15/2020","3/20/2020","Cundinamarca","Fúquene",0.0454
"25290","1/15/2020","3/20/2020","Cundinamarca","Fusagasugá",0.0454
"25293","1/15/2020","3/20/2020","Cundinamarca","Gachala",0.0454
"25295","1/15/2020","3/20/2020","Cundinamarca","Gachancipá",0.0454
"25297","1/15/2020","3/20/2020","Cundinamarca","Gachetá",0.0454
"25299","1/15/2020","3/20/2020","Cundinamarca","Gama",0.0454
"25307","1/15/2020","3/20/2020","Cundinamarca","Girardot",0.0454
"25312","1/15/2020","3/20/2020","Cundinamarca","Granada",0.0454
"25317","1/15/2020","3/20/2020","Cundinamarca","Guachetá",0.0454
"25320","1/15/2020","3/20/2020","Cundinamarca","Guaduas",0.0454
"25322","1/15/2020","3/20/2020","Cundinamarca","Guasca",0.0454
"25324","1/15/2020","3/20/2020","Cundinamarca","Guataquí",0.0454
"25326","1/15/2020","3/20/2020","Cundinamarca","Guatavita",0.0454
"25328","1/15/2020","3/20/2020","Cundinamarca","Guayabal de Siquima",0.0454
"25335","1/15/2020","3/20/2020","Cundinamarca","Guayabetal",0.0454
"25339","1/15/2020","3/20/2020","Cundinamarca","Gutiérrez",0.0454
"25368","1/15/2020","3/20/2020","Cundinamarca","Jerusalén",0.0454
"25372","1/15/2020","3/20/2020","Cundinamarca","Junín",0.0454
"25377","1/15/2020","3/20/2020","Cundinamarca","La Calera",0.0454
"25386","1/15/2020","3/20/2020","Cundinamarca","La Mesa",0.0454
"25394","1/15/2020","3/20/2020","Cundinamarca","La Palma",0.0454
"25398","1/15/2020","3/20/2020","Cundinamarca","La Peña",0.0454
"25402","1/15/2020","3/20/2020","Cundinamarca","La Vega",0.0454
"25407","1/15/2020","3/20/2020","Cundinamarca","Lenguazaque",0.0454
"25426","1/15/2020","3/20/2020","Cundinamarca","Macheta",0.0454
"25430","1/15/2020","3/20/2020","Cundinamarca","Madrid",0.0454
"25436","1/15/2020","3/20/2020","Cundinamarca","Manta",0.0454
"25438","1/15/2020","3/20/2020","Cundinamarca","Medina",0.0454
"25473","1/15/2020","3/20/2020","Cundinamarca","Mosquera",0.0454
"25483","1/15/2020","3/20/2020","Cundinamarca","Nariño",0.0454
"25486","1/15/2020","3/20/2020","Cundinamarca","Nemocón",0.0454
"25488","1/15/2020","3/20/2020","Cundinamarca","Nilo",0.0454
"25489","1/15/2020","3/20/2020","Cundinamarca","Nimaima",0.0454
"25491","1/15/2020","3/20/2020","Cundinamarca","Nocaima",0.0454
"25506","1/15/2020","3/20/2020","Cundinamarca","Venecia",0.0454
"25513","1/15/2020","3/20/2020","Cundinamarca","Pacho",0.0454
"25518","1/15/2020","3/20/2020","Cundinamarca","Paime",0.0454
"25524","1/15/2020","3/20/2020","Cundinamarca","Pandi",0.0454
"25530","1/15/2020","3/20/2020","Cundinamarca","Paratebueno",0.0454
"25535","1/15/2020","3/20/2020","Cundinamarca","Pasca",0.0454
"25572","1/15/2020","3/20/2020","Cundinamarca","Puerto Salgar",0.0454
"25580","1/15/2020","3/20/2020","Cundinamarca","Pulí",0.0454
"25592","1/15/2020","3/20/2020","Cundinamarca","Quebradanegra",0.0454
"25594","1/15/2020","3/20/2020","Cundinamarca","Quetame",0.0454
"25596","1/15/2020","3/20/2020","Cundinamarca","Quipile",0.0454
"25599","1/15/2020","3/20/2020","Cundinamarca","Apulo",0.0454
"25612","1/15/2020","3/20/2020","Cundinamarca","Ricaurte",0.0454
"25645","1/15/2020","3/20/2020","Cundinamarca","San Antonio del Tequendama",0.0454
"25649","1/15/2020","3/20/2020","Cundinamarca","San Bernardo",0.0454
"25653","1/15/2020","3/20/2020","Cundinamarca","San Cayetano",0.0454
"25658","1/15/2020","3/20/2020","Cundinamarca","San Francisco",0.0454
"25662","1/15/2020","3/20/2020","Cundinamarca","San Juan de Río Seco",0.0454
"25718","1/15/2020","3/20/2020","Cundinamarca","Sasaima",0.0454
"25736","1/15/2020","3/20/2020","Cundinamarca","Sesquilé",0.0454
"25740","1/15/2020","3/20/2020","Cundinamarca","Sibaté",0.0454
"25743","1/15/2020","3/20/2020","Cundinamarca","Silvania",0.0454
"25745","1/15/2020","3/20/2020","Cundinamarca","Simijaca",0.0454
"25754","1/15/2020","3/20/2020","Cundinamarca","Soacha",0.0454
"25758","1/15/2020","3/20/2020","Cundinamarca","Sopó",0.0454
"25769","1/15/2020","3/20/2020","Cundinamarca","Subachoque",0.0454
"25772","1/15/2020","3/20/2020","Cundinamarca","Suesca",0.0454
"25777","1/15/2020","3/20/2020","Cundinamarca","Supatá",0.0454
"25779","1/15/2020","3/20/2020","Cundinamarca","Susa",0.0454
"25781","1/15/2020","3/20/2020","Cundinamarca","Sutatausa",0.0454
"25785","1/15/2020","3/20/2020","Cundinamarca","Tabio",0.0454
"25793","1/15/2020","3/20/2020","Cundinamarca","Tausa",0.0454
"25797","1/15/2020","3/20/2020","Cundinamarca","Tena",0.0454
"25799","1/15/2020","3/20/2020","Cundinamarca","Tenjo",0.0454
"25805","1/15/2020","3/20/2020","Cundinamarca","Tibacuy",0.0454
"25807","1/15/2020","3/20/2020","Cundinamarca","Tibirita",0.0454
"25815","1/15/2020","3/20/2020","Cundinamarca","Tocaima",0.0454
"25817","1/15/2020","3/20/2020","Cundinamarca","Tocancipá",0.0454
"25823","1/15/2020","3/20/2020","Cundinamarca","Topaipí",0.0454
"25839","1/15/2020","3/20/2020","Cundinamarca","Ubalá",0.0454
"25841","1/15/2020","3/20/2020","Cundinamarca","Ubaque",0.0454
"25843","1/15/2020","3/20/2020","Cundinamarca","Villa de San Diego de Ubate",0.0454
"25845","1/15/2020","3/20/2020","Cundinamarca","Une",0.0454
"25851","1/15/2020","3/20/2020","Cundinamarca","Útica",0.0454
"25862","1/15/2020","3/20/2020","Cundinamarca","Vergara",0.0454
"25867","1/15/2020","3/20/2020","Cundinamarca","Vianí",0.0454
"25871","1/15/2020","3/20/2020","Cundinamarca","Villagómez",0.0454
"25873","1/15/2020","3/20/2020","Cundinamarca","Villapinzón",0.0454
"25875","1/15/2020","3/20/2020","Cundinamarca","Villeta",0.0454
"25878","1/15/2020","3/20/2020","Cundinamarca","Viotá",0.0454
"25885","1/15/2020","3/20/2020","Cundinamarca","Yacopí",0.0454
"25898","1/15/2020","3/20/2020","Cundinamarca","Zipacón",0.0454
"25899","1/15/2020","3/20/2020","Cundinamarca","Zipaquirá",0.0454
"27001","1/15/2020","3/20/2020","Choco","Quibdó",0.0454
"27006","1/15/2020","3/20/2020","Choco","Acandí",0.0454
"27025","1/15/2020","3/20/2020","Choco","Alto Baudo",0.0454
"27050","1/15/2020","3/20/2020","Choco","Atrato",0.0454
"27073","1/15/2020","3/20/2020","Choco","Bagadó",0.0454
"27075","1/15/2020","3/20/2020","Choco","Bahía Solano",0.0454
"27077","1/15/2020","3/20/2020","Choco","Bajo Baudó",0.0454
"27099","1/15/2020","3/20/2020","Choco","Bojaya",0.0454
"27135","1/15/2020","3/20/2020","Choco","El Cantón del San Pablo",0.0454
"27150","1/15/2020","3/20/2020","Choco","Carmen del Darien",0.0454
"27160","1/15/2020","3/20/2020","Choco","Cértegui",0.0454
"27205","1/15/2020","3/20/2020","Choco","Condoto",0.0454
"27245","1/15/2020","3/20/2020","Choco","El Carmen de Atrato",0.0454
"27250","1/15/2020","3/20/2020","Choco","El Litoral del San Juan",0.0454
"27361","1/15/2020","3/20/2020","Choco","Istmina",0.0454
"27372","1/15/2020","3/20/2020","Choco","Juradó",0.0454
"27413","1/15/2020","3/20/2020","Choco","Lloró",0.0454
"27425","1/15/2020","3/20/2020","Choco","Medio Atrato",0.0454
"27430","1/15/2020","3/20/2020","Choco","Medio Baudó",0.0454
"27450","1/15/2020","3/20/2020","Choco","Medio San Juan",0.0454
"27491","1/15/2020","3/20/2020","Choco","Nóvita",0.0454
"27495","1/15/2020","3/20/2020","Choco","Nuquí",0.0454
"27580","1/15/2020","3/20/2020","Choco","Río Iro",0.0454
"27600","1/15/2020","3/20/2020","Choco","Río Quito",0.0454
"27615","1/15/2020","3/20/2020","Choco","Riosucio",0.0454
"27660","1/15/2020","3/20/2020","Choco","San José del Palmar",0.0454
"27745","1/15/2020","3/20/2020","Choco","Sipí",0.0454
"27787","1/15/2020","3/20/2020","Choco","Tadó",0.0454
"27800","1/15/2020","3/20/2020","Choco","Unguía",0.0454
"27810","1/15/2020","3/20/2020","Choco","Unión Panamericana",0.0454
"41001","1/15/2020","3/20/2020","Huila","Neiva",0.0454
"41006","1/15/2020","3/20/2020","Huila","Acevedo",0.0454
"41013","1/15/2020","3/20/2020","Huila","Agrado",0.0454
"41016","1/15/2020","3/20/2020","Huila","Aipe",0.0454
"41020","1/15/2020","3/20/2020","Huila","Algeciras",0.0454
"41026","1/15/2020","3/20/2020","Huila","Altamira",0.0454
"41078","1/15/2020","3/20/2020","Huila","Baraya",0.0454
"41132","1/15/2020","3/20/2020","Huila","Campoalegre",0.0454
"41206","1/15/2020","3/20/2020","Huila","Colombia",0.0454
"41244","1/15/2020","3/20/2020","Huila","Elías",0.0454
"41298","1/15/2020","3/20/2020","Huila","Garzón",0.0454
"41306","1/15/2020","3/20/2020","Huila","Gigante",0.0454
"41319","1/15/2020","3/20/2020","Huila","Guadalupe",0.0454
"41349","1/15/2020","3/20/2020","Huila","Hobo",0.0454
"41357","1/15/2020","3/20/2020","Huila","Iquira",0.0454
"41359","1/15/2020","3/20/2020","Huila","Isnos",0.0454
"41378","1/15/2020","3/20/2020","Huila","La Argentina",0.0454
"41396","1/15/2020","3/20/2020","Huila","La Plata",0.0454
"41483","1/15/2020","3/20/2020","Huila","Nátaga",0.0454
"41503","1/15/2020","3/20/2020","Huila","Oporapa",0.0454
"41518","1/15/2020","3/20/2020","Huila","Paicol",0.0454
"41524","1/15/2020","3/20/2020","Huila","Palermo",0.0454
"41530","1/15/2020","3/20/2020","Huila","Palestina",0.0454
"41548","1/15/2020","3/20/2020","Huila","Pital",0.0454
"41551","1/15/2020","3/20/2020","Huila","Pitalito",0.0454
"41615","1/15/2020","3/20/2020","Huila","Rivera",0.0454
"41660","1/15/2020","3/20/2020","Huila","Saladoblanco",0.0454
"41668","1/15/2020","3/20/2020","Huila","San Agustín",0.0454
"41676","1/15/2020","3/20/2020","Huila","Santa María",0.0454
"41770","1/15/2020","3/20/2020","Huila","Suaza",0.0454
"41791","1/15/2020","3/20/2020","Huila","Tarqui",0.0454
"41797","1/15/2020","3/20/2020","Huila","Tesalia",0.0454
"41799","1/15/2020","3/20/2020","Huila","Tello",0.0454
"41801","1/15/2020","3/20/2020","Huila","Teruel",0.0454
"41807","1/15/2020","3/20/2020","Huila","Timaná",0.0454
"41872","1/15/2020","3/20/2020","Huila","Villavieja",0.0454
"41885","1/15/2020","3/20/2020","Huila","Yaguará",0.0454
"44001","1/15/2020","3/20/2020","La Guajira","Riohacha",0.0454
"44035","1/15/2020","3/20/2020","La Guajira","Albania",0.0454
"44078","1/15/2020","3/20/2020","La Guajira","Barrancas",0.0454
"44090","1/15/2020","3/20/2020","La Guajira","Dibulla",0.0454
"44098","1/15/2020","3/20/2020","La Guajira","Distracción",0.0454
"44110","1/15/2020","3/20/2020","La Guajira","El Molino",0.0454
"44279","1/15/2020","3/20/2020","La Guajira","Fonseca",0.0454
"44378","1/15/2020","3/20/2020","La Guajira","Hatonuevo",0.0454
"44420","1/15/2020","3/20/2020","La Guajira","La Jagua del Pilar",0.0454
"44430","1/15/2020","3/20/2020","La Guajira","Maicao",0.0454
"44560","1/15/2020","3/20/2020","La Guajira","Manaure",0.0454
"44650","1/15/2020","3/20/2020","La Guajira","San Juan del Cesar",0.0454
"44847","1/15/2020","3/20/2020","La Guajira","Uribia",0.0454
"44855","1/15/2020","3/20/2020","La Guajira","Urumita",0.0454
"44874","1/15/2020","3/20/2020","La Guajira","Villanueva",0.0454
"47001","1/15/2020","3/20/2020","Magdalena","Santa Marta",0.0454
"47030","1/15/2020","3/20/2020","Magdalena","Algarrobo",0.0454
"47053","1/15/2020","3/20/2020","Magdalena","Aracataca",0.0454
"47058","1/15/2020","3/20/2020","Magdalena","Ariguaní",0.0454
"47161","1/15/2020","3/20/2020","Magdalena","Cerro San Antonio",0.0454
"47170","1/15/2020","3/20/2020","Magdalena","Chibolo",0.0454
"47189","1/15/2020","3/20/2020","Magdalena","Ciénaga",0.0454
"47205","1/15/2020","3/20/2020","Magdalena","Concordia",0.0454
"47245","1/15/2020","3/20/2020","Magdalena","El Banco",0.0454
"47258","1/15/2020","3/20/2020","Magdalena","El Piñon",0.0454
"47268","1/15/2020","3/20/2020","Magdalena","El Retén",0.0454
"47288","1/15/2020","3/20/2020","Magdalena","Fundación",0.0454
"47318","1/15/2020","3/20/2020","Magdalena","Guamal",0.0454
"47460","1/15/2020","3/20/2020","Magdalena","Nueva Granada",0.0454
"47541","1/15/2020","3/20/2020","Magdalena","Pedraza",0.0454
"47545","1/15/2020","3/20/2020","Magdalena","Pijiño del Carmen",0.0454
"47551","1/15/2020","3/20/2020","Magdalena","Pivijay",0.0454
"47555","1/15/2020","3/20/2020","Magdalena","Plato",0.0454
"47570","1/15/2020","3/20/2020","Magdalena","Puebloviejo",0.0454
"47605","1/15/2020","3/20/2020","Magdalena","Remolino",0.0454
"47660","1/15/2020","3/20/2020","Magdalena","Sabanas de San Angel",0.0454
"47675","1/15/2020","3/20/2020","Magdalena","Salamina",0.0454
"47692","1/15/2020","3/20/2020","Magdalena","San Sebastián de Buenavista",0.0454
"47703","1/15/2020","3/20/2020","Magdalena","San Zenón",0.0454
"47707","1/15/2020","3/20/2020","Magdalena","Santa Ana",0.0454
"47720","1/15/2020","3/20/2020","Magdalena","Santa Bárbara de Pinto",0.0454
"47745","1/15/2020","3/20/2020","Magdalena","Sitionuevo",0.0454
"47798","1/15/2020","3/20/2020","Magdalena","Tenerife",0.0454
"47960","1/15/2020","3/20/2020","Magdalena","Zapayán",0.0454
"47980","1/15/2020","3/20/2020","Magdalena","Zona Bananera",0.0454
"50001","1/15/2020","3/20/2020","Meta","Villavicencio",0.0454
"50006","1/15/2020","3/20/2020","Meta","Acacías",0.0454
"50110","1/15/2020","3/20/2020","Meta","Barranca de Upía",0.0454
"50124","1/15/2020","3/20/2020","Meta","Cabuyaro",0.0454
"50150","1/15/2020","3/20/2020","Meta","Castilla La Nueva",0.0454
"50223","1/15/2020","3/20/2020","Meta","Cubarral",0.0454
"50226","1/15/2020","3/20/2020","Meta","Cumaral",0.0454
"50245","1/15/2020","3/20/2020","Meta","El Calvario",0.0454
"50251","1/15/2020","3/20/2020","Meta","El Castillo",0.0454
"50270","1/15/2020","3/20/2020","Meta","El Dorado",0.0454
"50287","1/15/2020","3/20/2020","Meta","Fuente de Oro",0.0454
"50313","1/15/2020","3/20/2020","Meta","Granada",0.0454
"50318","1/15/2020","3/20/2020","Meta","Guamal",0.0454
"50325","1/15/2020","3/20/2020","Meta","Mapiripán",0.0454
"50330","1/15/2020","3/20/2020","Meta","Mesetas",0.0454
"50350","1/15/2020","3/20/2020","Meta","La Macarena",0.0454
"50370","1/15/2020","3/20/2020","Meta","Uribe",0.0454
"50400","1/15/2020","3/20/2020","Meta","Lejanías",0.0454
"50450","1/15/2020","3/20/2020","Meta","Puerto Concordia",0.0454
"50568","1/15/2020","3/20/2020","Meta","Puerto Gaitán",0.0454
"50573","1/15/2020","3/20/2020","Meta","Puerto López",0.0454
"50577","1/15/2020","3/20/2020","Meta","Puerto Lleras",0.0454
"50590","1/15/2020","3/20/2020","Meta","Puerto Rico",0.0454
"50606","1/15/2020","3/20/2020","Meta","Restrepo",0.0454
"50680","1/15/2020","3/20/2020","Meta","San Carlos de Guaroa",0.0454
"50683","1/15/2020","3/20/2020","Meta","San Juan de Arama",0.0454
"50686","1/15/2020","3/20/2020","Meta","San Juanito",0.0454
"50689","1/15/2020","3/20/2020","Meta","San Martín",0.0454
"50711","1/15/2020","3/20/2020","Meta","Vistahermosa",0.0454
"52001","1/15/2020","3/20/2020","Nariño","Pasto",0.0454
"52019","1/15/2020","3/20/2020","Nariño","Albán",0.0454
"52022","1/15/2020","3/20/2020","Nariño","Aldana",0.0454
"52036","1/15/2020","3/20/2020","Nariño","Ancuyá",0.0454
"52051","1/15/2020","3/20/2020","Nariño","Arboleda",0.0454
"52079","1/15/2020","3/20/2020","Nariño","Barbacoas",0.0454
"52083","1/15/2020","3/20/2020","Nariño","Belén",0.0454
"52110","1/15/2020","3/20/2020","Nariño","Buesaco",0.0454
"52203","1/15/2020","3/20/2020","Nariño","Colón",0.0454
"52207","1/15/2020","3/20/2020","Nariño","Consaca",0.0454
"52210","1/15/2020","3/20/2020","Nariño","Contadero",0.0454
"52215","1/15/2020","3/20/2020","Nariño","Córdoba",0.0454
"52224","1/15/2020","3/20/2020","Nariño","Cuaspud",0.0454
"52227","1/15/2020","3/20/2020","Nariño","Cumbal",0.0454
"52233","1/15/2020","3/20/2020","Nariño","Cumbitara",0.0454
"52240","1/15/2020","3/20/2020","Nariño","Chachagüí",0.0454
"52250","1/15/2020","3/20/2020","Nariño","El Charco",0.0454
"52254","1/15/2020","3/20/2020","Nariño","El Peñol",0.0454
"52256","1/15/2020","3/20/2020","Nariño","El Rosario",0.0454
"52258","1/15/2020","3/20/2020","Nariño","El Tablón de Gómez",0.0454
"52260","1/15/2020","3/20/2020","Nariño","El Tambo",0.0454
"52287","1/15/2020","3/20/2020","Nariño","Funes",0.0454
"52317","1/15/2020","3/20/2020","Nariño","Guachucal",0.0454
"52320","1/15/2020","3/20/2020","Nariño","Guaitarilla",0.0454
"52323","1/15/2020","3/20/2020","Nariño","Gualmatán",0.0454
"52352","1/15/2020","3/20/2020","Nariño","Iles",0.0454
"52354","1/15/2020","3/20/2020","Nariño","Imués",0.0454
"52356","1/15/2020","3/20/2020","Nariño","Ipiales",0.0454
"52378","1/15/2020","3/20/2020","Nariño","La Cruz",0.0454
"52381","1/15/2020","3/20/2020","Nariño","La Florida",0.0454
"52385","1/15/2020","3/20/2020","Nariño","La Llanada",0.0454
"52390","1/15/2020","3/20/2020","Nariño","La Tola",0.0454
"52399","1/15/2020","3/20/2020","Nariño","La Unión",0.0454
"52405","1/15/2020","3/20/2020","Nariño","Leiva",0.0454
"52411","1/15/2020","3/20/2020","Nariño","Linares",0.0454
"52418","1/15/2020","3/20/2020","Nariño","Los Andes",0.0454
"52427","1/15/2020","3/20/2020","Nariño","Magüi",0.0454
"52435","1/15/2020","3/20/2020","Nariño","Mallama",0.0454
"52473","1/15/2020","3/20/2020","Nariño","Mosquera",0.0454
"52480","1/15/2020","3/20/2020","Nariño","Nariño",0.0454
"52490","1/15/2020","3/20/2020","Nariño","Olaya Herrera",0.0454
"52506","1/15/2020","3/20/2020","Nariño","Ospina",0.0454
"52520","1/15/2020","3/20/2020","Nariño","Francisco Pizarro",0.0454
"52540","1/15/2020","3/20/2020","Nariño","Policarpa",0.0454
"52560","1/15/2020","3/20/2020","Nariño","Potosí",0.0454
"52565","1/15/2020","3/20/2020","Nariño","Providencia",0.0454
"52573","1/15/2020","3/20/2020","Nariño","Puerres",0.0454
"52585","1/15/2020","3/20/2020","Nariño","Pupiales",0.0454
"52612","1/15/2020","3/20/2020","Nariño","Ricaurte",0.0454
"52621","1/15/2020","3/20/2020","Nariño","Roberto Payán",0.0454
"52678","1/15/2020","3/20/2020","Nariño","Samaniego",0.0454
"52683","1/15/2020","3/20/2020","Nariño","Sandoná",0.0454
"52685","1/15/2020","3/20/2020","Nariño","San Bernardo",0.0454
"52687","1/15/2020","3/20/2020","Nariño","San Lorenzo",0.0454
"52693","1/15/2020","3/20/2020","Nariño","San Pablo",0.0454
"52694","1/15/2020","3/20/2020","Nariño","San Pedro de Cartago",0.0454
"52696","1/15/2020","3/20/2020","Nariño","Santa Bárbara",0.0454
"52699","1/15/2020","3/20/2020","Nariño","Santacruz",0.0454
"52720","1/15/2020","3/20/2020","Nariño","Sapuyes",0.0454
"52786","1/15/2020","3/20/2020","Nariño","Taminango",0.0454
"52788","1/15/2020","3/20/2020","Nariño","Tangua",0.0454
"52835","1/15/2020","3/20/2020","Nariño","San Andres de Tumaco",0.0454
"52838","1/15/2020","3/20/2020","Nariño","Túquerres",0.0454
"52885","1/15/2020","3/20/2020","Nariño","Yacuanquer",0.0454
"54001","1/15/2020","3/20/2020","Norte de Santander","Cúcuta",0.0454
"54003","1/15/2020","3/20/2020","Norte de Santander","Abrego",0.0454
"54051","1/15/2020","3/20/2020","Norte de Santander","Arboledas",0.0454
"54099","1/15/2020","3/20/2020","Norte de Santander","Bochalema",0.0454
"54109","1/15/2020","3/20/2020","Norte de Santander","Bucarasica",0.0454
"54125","1/15/2020","3/20/2020","Norte de Santander","Cácota",0.0454
"54128","1/15/2020","3/20/2020","Norte de Santander","Cachirá",0.0454
"54172","1/15/2020","3/20/2020","Norte de Santander","Chinácota",0.0454
"54174","1/15/2020","3/20/2020","Norte de Santander","Chitagá",0.0454
"54206","1/15/2020","3/20/2020","Norte de Santander","Convención",0.0454
"54223","1/15/2020","3/20/2020","Norte de Santander","Cucutilla",0.0454
"54239","1/15/2020","3/20/2020","Norte de Santander","Durania",0.0454
"54245","1/15/2020","3/20/2020","Norte de Santander","El Carmen",0.0454
"54250","1/15/2020","3/20/2020","Norte de Santander","El Tarra",0.0454
"54261","1/15/2020","3/20/2020","Norte de Santander","El Zulia",0.0454
"54313","1/15/2020","3/20/2020","Norte de Santander","Gramalote",0.0454
"54344","1/15/2020","3/20/2020","Norte de Santander","Hacarí",0.0454
"54347","1/15/2020","3/20/2020","Norte de Santander","Herrán",0.0454
"54377","1/15/2020","3/20/2020","Norte de Santander","Labateca",0.0454
"54385","1/15/2020","3/20/2020","Norte de Santander","La Esperanza",0.0454
"54398","1/15/2020","3/20/2020","Norte de Santander","La Playa",0.0454
"54405","1/15/2020","3/20/2020","Norte de Santander","Los Patios",0.0454
"54418","1/15/2020","3/20/2020","Norte de Santander","Lourdes",0.0454
"54480","1/15/2020","3/20/2020","Norte de Santander","Mutiscua",0.0454
"54498","1/15/2020","3/20/2020","Norte de Santander","Ocaña",0.0454
"54518","1/15/2020","3/20/2020","Norte de Santander","Pamplona",0.0454
"54520","1/15/2020","3/20/2020","Norte de Santander","Pamplonita",0.0454
"54553","1/15/2020","3/20/2020","Norte de Santander","Puerto Santander",0.0454
"54599","1/15/2020","3/20/2020","Norte de Santander","Ragonvalia",0.0454
"54660","1/15/2020","3/20/2020","Norte de Santander","Salazar",0.0454
"54670","1/15/2020","3/20/2020","Norte de Santander","San Calixto",0.0454
"54673","1/15/2020","3/20/2020","Norte de Santander","San Cayetano",0.0454
"54680","1/15/2020","3/20/2020","Norte de Santander","Santiago",0.0454
"54720","1/15/2020","3/20/2020","Norte de Santander","Sardinata",0.0454
"54743","1/15/2020","3/20/2020","Norte de Santander","Silos",0.0454
"54800","1/15/2020","3/20/2020","Norte de Santander","Teorama",0.0454
"54810","1/15/2020","3/20/2020","Norte de Santander","Tibú",0.0454
"54820","1/15/2020","3/20/2020","Norte de Santander","Toledo",0.0454
"54871","1/15/2020","3/20/2020","Norte de Santander","Villa Caro",0.0454
"54874","1/15/2020","3/20/2020","Norte de Santander","Villa del Rosario",0.0454
"63001","1/15/2020","3/20/2020","Quindio","Armenia",0.0454
"63111","1/15/2020","3/20/2020","Quindio","Buenavista",0.0454
"63130","1/15/2020","3/20/2020","Quindio","Calarcá",0.0454
"63190","1/15/2020","3/20/2020","Quindio","Circasia",0.0454
"63212","1/15/2020","3/20/2020","Quindio","Córdoba",0.0454
"63272","1/15/2020","3/20/2020","Quindio","Filandia",0.0454
"63302","1/15/2020","3/20/2020","Quindio","Génova",0.0454
"63401","1/15/2020","3/20/2020","Quindio","La Tebaida",0.0454
"63470","1/15/2020","3/20/2020","Quindio","Montenegro",0.0454
"63548","1/15/2020","3/20/2020","Quindio","Pijao",0.0454
"63594","1/15/2020","3/20/2020","Quindio","Quimbaya",0.0454
"63690","1/15/2020","3/20/2020","Quindio","Salento",0.0454
"66001","1/15/2020","3/20/2020","Risaralda","Pereira",0.0454
"66045","1/15/2020","3/20/2020","Risaralda","Apía",0.0454
"66075","1/15/2020","3/20/2020","Risaralda","Balboa",0.0454
"66088","1/15/2020","3/20/2020","Risaralda","Belén de Umbría",0.0454
"66170","1/15/2020","3/20/2020","Risaralda","Dosquebradas",0.0454
"66318","1/15/2020","3/20/2020","Risaralda","Guática",0.0454
"66383","1/15/2020","3/20/2020","Risaralda","La Celia",0.0454
"66400","1/15/2020","3/20/2020","Risaralda","La Virginia",0.0454
"66440","1/15/2020","3/20/2020","Risaralda","Marsella",0.0454
"66456","1/15/2020","3/20/2020","Risaralda","Mistrató",0.0454
"66572","1/15/2020","3/20/2020","Risaralda","Pueblo Rico",0.0454
"66594","1/15/2020","3/20/2020","Risaralda","Quinchía",0.0454
"66682","1/15/2020","3/20/2020","Risaralda","Santa Rosa de Cabal",0.0454
"66687","1/15/2020","3/20/2020","Risaralda","Santuario",0.0454
"68001","1/15/2020","3/20/2020","Santander","Bucaramanga",0.0454
"68013","1/15/2020","3/20/2020","Santander","Aguada",0.0454
"68020","1/15/2020","3/20/2020","Santander","Albania",0.0454
"68051","1/15/2020","3/20/2020","Santander","Aratoca",0.0454
"68077","1/15/2020","3/20/2020","Santander","Barbosa",0.0454
"68079","1/15/2020","3/20/2020","Santander","Barichara",0.0454
"68081","1/15/2020","3/20/2020","Santander","Barrancabermeja",0.0454
"68092","1/15/2020","3/20/2020","Santander","Betulia",0.0454
"68101","1/15/2020","3/20/2020","Santander","Bolívar",0.0454
"68121","1/15/2020","3/20/2020","Santander","Cabrera",0.0454
"68132","1/15/2020","3/20/2020","Santander","California",0.0454
"68147","1/15/2020","3/20/2020","Santander","Capitanejo",0.0454
"68152","1/15/2020","3/20/2020","Santander","Carcasí",0.0454
"68160","1/15/2020","3/20/2020","Santander","Cepitá",0.0454
"68162","1/15/2020","3/20/2020","Santander","Cerrito",0.0454
"68167","1/15/2020","3/20/2020","Santander","Charalá",0.0454
"68169","1/15/2020","3/20/2020","Santander","Charta",0.0454
"68176","1/15/2020","3/20/2020","Santander","Chima",0.0454
"68179","1/15/2020","3/20/2020","Santander","Chipatá",0.0454
"68190","1/15/2020","3/20/2020","Santander","Cimitarra",0.0454
"68207","1/15/2020","3/20/2020","Santander","Concepción",0.0454
"68209","1/15/2020","3/20/2020","Santander","Confines",0.0454
"68211","1/15/2020","3/20/2020","Santander","Contratación",0.0454
"68217","1/15/2020","3/20/2020","Santander","Coromoro",0.0454
"68229","1/15/2020","3/20/2020","Santander","Curití",0.0454
"68235","1/15/2020","3/20/2020","Santander","El Carmen de Chucurí",0.0454
"68245","1/15/2020","3/20/2020","Santander","El Guacamayo",0.0454
"68250","1/15/2020","3/20/2020","Santander","El Peñón",0.0454
"68255","1/15/2020","3/20/2020","Santander","El Playón",0.0454
"68264","1/15/2020","3/20/2020","Santander","Encino",0.0454
"68266","1/15/2020","3/20/2020","Santander","Enciso",0.0454
"68271","1/15/2020","3/20/2020","Santander","Florián",0.0454
"68276","1/15/2020","3/20/2020","Santander","Floridablanca",0.0454
"68296","1/15/2020","3/20/2020","Santander","Galán",0.0454
"68298","1/15/2020","3/20/2020","Santander","Gambita",0.0454
"68307","1/15/2020","3/20/2020","Santander","Girón",0.0454
"68318","1/15/2020","3/20/2020","Santander","Guaca",0.0454
"68320","1/15/2020","3/20/2020","Santander","Guadalupe",0.0454
"68322","1/15/2020","3/20/2020","Santander","Guapotá",0.0454
"68324","1/15/2020","3/20/2020","Santander","Guavatá",0.0454
"68327","1/15/2020","3/20/2020","Santander","Güepsa",0.0454
"68344","1/15/2020","3/20/2020","Santander","Hato",0.0454
"68368","1/15/2020","3/20/2020","Santander","Jesús María",0.0454
"68370","1/15/2020","3/20/2020","Santander","Jordán",0.0454
"68377","1/15/2020","3/20/2020","Santander","La Belleza",0.0454
"68385","1/15/2020","3/20/2020","Santander","Landázuri",0.0454
"68397","1/15/2020","3/20/2020","Santander","La Paz",0.0454
"68406","1/15/2020","3/20/2020","Santander","Lebríja",0.0454
"68418","1/15/2020","3/20/2020","Santander","Los Santos",0.0454
"68425","1/15/2020","3/20/2020","Santander","Macaravita",0.0454
"68432","1/15/2020","3/20/2020","Santander","Málaga",0.0454
"68444","1/15/2020","3/20/2020","Santander","Matanza",0.0454
"68464","1/15/2020","3/20/2020","Santander","Mogotes",0.0454
"68468","1/15/2020","3/20/2020","Santander","Molagavita",0.0454
"68498","1/15/2020","3/20/2020","Santander","Ocamonte",0.0454
"68500","1/15/2020","3/20/2020","Santander","Oiba",0.0454
"68502","1/15/2020","3/20/2020","Santander","Onzaga",0.0454
"68522","1/15/2020","3/20/2020","Santander","Palmar",0.0454
"68524","1/15/2020","3/20/2020","Santander","Palmas del Socorro",0.0454
"68533","1/15/2020","3/20/2020","Santander","Páramo",0.0454
"68547","1/15/2020","3/20/2020","Santander","Piedecuesta",0.0454
"68549","1/15/2020","3/20/2020","Santander","Pinchote",0.0454
"68572","1/15/2020","3/20/2020","Santander","Puente Nacional",0.0454
"68573","1/15/2020","3/20/2020","Santander","Puerto Parra",0.0454
"68575","1/15/2020","3/20/2020","Santander","Puerto Wilches",0.0454
"68615","1/15/2020","3/20/2020","Santander","Rionegro",0.0454
"68655","1/15/2020","3/20/2020","Santander","Sabana de Torres",0.0454
"68669","1/15/2020","3/20/2020","Santander","San Andrés",0.0454
"68673","1/15/2020","3/20/2020","Santander","San Benito",0.0454
"68679","1/15/2020","3/20/2020","Santander","San Gil",0.0454
"68682","1/15/2020","3/20/2020","Santander","San Joaquín",0.0454
"68684","1/15/2020","3/20/2020","Santander","San José de Miranda",0.0454
"68686","1/15/2020","3/20/2020","Santander","San Miguel",0.0454
"68689","1/15/2020","3/20/2020","Santander","San Vicente de Chucurí",0.0454
"68705","1/15/2020","3/20/2020","Santander","Santa Bárbara",0.0454
"68720","1/15/2020","3/20/2020","Santander","Santa Helena del Opón",0.0454
"68745","1/15/2020","3/20/2020","Santander","Simacota",0.0454
"68755","1/15/2020","3/20/2020","Santander","Socorro",0.0454
"68770","1/15/2020","3/20/2020","Santander","Suaita",0.0454
"68773","1/15/2020","3/20/2020","Santander","Sucre",0.0454
"68780","1/15/2020","3/20/2020","Santander","Suratá",0.0454
"68820","1/15/2020","3/20/2020","Santander","Tona",0.0454
"68855","1/15/2020","3/20/2020","Santander","Valle de San José",0.0454
"68861","1/15/2020","3/20/2020","Santander","Vélez",0.0454
"68867","1/15/2020","3/20/2020","Santander","Vetas",0.0454
"68872","1/15/2020","3/20/2020","Santander","Villanueva",0.0454
"68895","1/15/2020","3/20/2020","Santander","Zapatoca",0.0454
"70001","1/15/2020","3/20/2020","Sucre","Sincelejo",0.0454
"70110","1/15/2020","3/20/2020","Sucre","Buenavista",0.0454
"70124","1/15/2020","3/20/2020","Sucre","Caimito",0.0454
"70204","1/15/2020","3/20/2020","Sucre","Coloso",0.0454
"70215","1/15/2020","3/20/2020","Sucre","Corozal",0.0454
"70221","1/15/2020","3/20/2020","Sucre","Coveñas",0.0454
"70230","1/15/2020","3/20/2020","Sucre","Chalán",0.0454
"70233","1/15/2020","3/20/2020","Sucre","El Roble",0.0454
"70235","1/15/2020","3/20/2020","Sucre","Galeras",0.0454
"70265","1/15/2020","3/20/2020","Sucre","Guaranda",0.0454
"70400","1/15/2020","3/20/2020","Sucre","La Unión",0.0454
"70418","1/15/2020","3/20/2020","Sucre","Los Palmitos",0.0454
"70429","1/15/2020","3/20/2020","Sucre","Majagual",0.0454
"70473","1/15/2020","3/20/2020","Sucre","Morroa",0.0454
"70508","1/15/2020","3/20/2020","Sucre","Ovejas",0.0454
"70523","1/15/2020","3/20/2020","Sucre","Palmito",0.0454
"70670","1/15/2020","3/20/2020","Sucre","Sampués",0.0454
"70678","1/15/2020","3/20/2020","Sucre","San Benito Abad",0.0454
"70702","1/15/2020","3/20/2020","Sucre","San Juan de Betulia",0.0454
"70708","1/15/2020","3/20/2020","Sucre","San Marcos",0.0454
"70713","1/15/2020","3/20/2020","Sucre","San Onofre",0.0454
"70717","1/15/2020","3/20/2020","Sucre","San Pedro",0.0454
"70742","1/15/2020","3/20/2020","Sucre","San Luis de Sincé",0.0454
"70771","1/15/2020","3/20/2020","Sucre","Sucre",0.0454
"70820","1/15/2020","3/20/2020","Sucre","Santiago de Tolú",0.0454
"70823","1/15/2020","3/20/2020","Sucre","Tolú Viejo",0.0454
"73001","1/15/2020","3/20/2020","Tolima","Ibagué",0.0454
"73024","1/15/2020","3/20/2020","Tolima","Alpujarra",0.0454
"73026","1/15/2020","3/20/2020","Tolima","Alvarado",0.0454
"73030","1/15/2020","3/20/2020","Tolima","Ambalema",0.0454
"73043","1/15/2020","3/20/2020","Tolima","Anzoátegui",0.0454
"73055","1/15/2020","3/20/2020","Tolima","Armero",0.0454
"73067","1/15/2020","3/20/2020","Tolima","Ataco",0.0454
"73124","1/15/2020","3/20/2020","Tolima","Cajamarca",0.0454
"73148","1/15/2020","3/20/2020","Tolima","Carmen de Apicalá",0.0454
"73152","1/15/2020","3/20/2020","Tolima","Casabianca",0.0454
"73168","1/15/2020","3/20/2020","Tolima","Chaparral",0.0454
"73200","1/15/2020","3/20/2020","Tolima","Coello",0.0454
"73217","1/15/2020","3/20/2020","Tolima","Coyaima",0.0454
"73226","1/15/2020","3/20/2020","Tolima","Cunday",0.0454
"73236","1/15/2020","3/20/2020","Tolima","Dolores",0.0454
"73268","1/15/2020","3/20/2020","Tolima","Espinal",0.0454
"73270","1/15/2020","3/20/2020","Tolima","Falan",0.0454
"73275","1/15/2020","3/20/2020","Tolima","Flandes",0.0454
"73283","1/15/2020","3/20/2020","Tolima","Fresno",0.0454
"73319","1/15/2020","3/20/2020","Tolima","Guamo",0.0454
"73347","1/15/2020","3/20/2020","Tolima","Herveo",0.0454
"73349","1/15/2020","3/20/2020","Tolima","Honda",0.0454
"73352","1/15/2020","3/20/2020","Tolima","Icononzo",0.0454
"73408","1/15/2020","3/20/2020","Tolima","Lérida",0.0454
"73411","1/15/2020","3/20/2020","Tolima","Líbano",0.0454
"73443","1/15/2020","3/20/2020","Tolima","Mariquita",0.0454
"73449","1/15/2020","3/20/2020","Tolima","Melgar",0.0454
"73461","1/15/2020","3/20/2020","Tolima","Murillo",0.0454
"73483","1/15/2020","3/20/2020","Tolima","Natagaima",0.0454
"73504","1/15/2020","3/20/2020","Tolima","Ortega",0.0454
"73520","1/15/2020","3/20/2020","Tolima","Palocabildo",0.0454
"73547","1/15/2020","3/20/2020","Tolima","Piedras",0.0454
"73555","1/15/2020","3/20/2020","Tolima","Planadas",0.0454
"73563","1/15/2020","3/20/2020","Tolima","Prado",0.0454
"73585","1/15/2020","3/20/2020","Tolima","Purificación",0.0454
"73616","1/15/2020","3/20/2020","Tolima","Rioblanco",0.0454
"73622","1/15/2020","3/20/2020","Tolima","Roncesvalles",0.0454
"73624","1/15/2020","3/20/2020","Tolima","Rovira",0.0454
"73671","1/15/2020","3/20/2020","Tolima","Saldaña",0.0454
"73675","1/15/2020","3/20/2020","Tolima","San Antonio",0.0454
"73678","1/15/2020","3/20/2020","Tolima","San Luis",0.0454
"73686","1/15/2020","3/20/2020","Tolima","Santa Isabel",0.0454
"73770","1/15/2020","3/20/2020","Tolima","Suárez",0.0454
"73854","1/15/2020","3/20/2020","Tolima","Valle de San Juan",0.0454
"73861","1/15/2020","3/20/2020","Tolima","Venadillo",0.0454
"73870","1/15/2020","3/20/2020","Tolima","Villahermosa",0.0454
"73873","1/15/2020","3/20/2020","Tolima","Villarica",0.0454
"76001","1/15/2020","3/20/2020","Valle del Cauca","Cali",0.0454
"76020","1/15/2020","3/20/2020","Valle del Cauca","Alcalá",0.0454
"76036","1/15/2020","3/20/2020","Valle del Cauca","Andalucía",0.0454
"76041","1/15/2020","3/20/2020","Valle del Cauca","Ansermanuevo",0.0454
"76054","1/15/2020","3/20/2020","Valle del Cauca","Argelia",0.0454
"76100","1/15/2020","3/20/2020","Valle del Cauca","Bolívar",0.0454
"76109","1/15/2020","3/20/2020","Valle del Cauca","Buenaventura",0.0454
"76111","1/15/2020","3/20/2020","Valle del Cauca","Guadalajara de Buga",0.0454
"76113","1/15/2020","3/20/2020","Valle del Cauca","Bugalagrande",0.0454
"76122","1/15/2020","3/20/2020","Valle del Cauca","Caicedonia",0.0454
"76126","1/15/2020","3/20/2020","Valle del Cauca","Calima",0.0454
"76130","1/15/2020","3/20/2020","Valle del Cauca","Candelaria",0.0454
"76147","1/15/2020","3/20/2020","Valle del Cauca","Cartago",0.0454
"76233","1/15/2020","3/20/2020","Valle del Cauca","Dagua",0.0454
"76243","1/15/2020","3/20/2020","Valle del Cauca","El Águila",0.0454
"76246","1/15/2020","3/20/2020","Valle del Cauca","El Cairo",0.0454
"76248","1/15/2020","3/20/2020","Valle del Cauca","El Cerrito",0.0454
"76250","1/15/2020","3/20/2020","Valle del Cauca","El Dovio",0.0454
"76275","1/15/2020","3/20/2020","Valle del Cauca","Florida",0.0454
"76306","1/15/2020","3/20/2020","Valle del Cauca","Ginebra",0.0454
"76318","1/15/2020","3/20/2020","Valle del Cauca","Guacarí",0.0454
"76364","1/15/2020","3/20/2020","Valle del Cauca","Jamundí",0.0454
"76377","1/15/2020","3/20/2020","Valle del Cauca","La Cumbre",0.0454
"76400","1/15/2020","3/20/2020","Valle del Cauca","La Unión",0.0454
"76403","1/15/2020","3/20/2020","Valle del Cauca","La Victoria",0.0454
"76497","1/15/2020","3/20/2020","Valle del Cauca","Obando",0.0454
"76520","1/15/2020","3/20/2020","Valle del Cauca","Palmira",0.0454
"76563","1/15/2020","3/20/2020","Valle del Cauca","Pradera",0.0454
"76606","1/15/2020","3/20/2020","Valle del Cauca","Restrepo",0.0454
"76616","1/15/2020","3/20/2020","Valle del Cauca","Riofrío",0.0454
"76622","1/15/2020","3/20/2020","Valle del Cauca","Roldanillo",0.0454
"76670","1/15/2020","3/20/2020","Valle del Cauca","San Pedro",0.0454
"76736","1/15/2020","3/20/2020","Valle del Cauca","Sevilla",0.0454
"76823","1/15/2020","3/20/2020","Valle del Cauca","Toro",0.0454
"76828","1/15/2020","3/20/2020","Valle del Cauca","Trujillo",0.0454
"76834","1/15/2020","3/20/2020","Valle del Cauca","Tuluá",0.0454
"76845","1/15/2020","3/20/2020","Valle del Cauca","Ulloa",0.0454
"76863","1/15/2020","3/20/2020","Valle del Cauca","Versalles",0.0454
"76869","1/15/2020","3/20/2020","Valle del Cauca","Vijes",0.0454
"76890","1/15/2020","3/20/2020","Valle del Cauca","Yotoco",0.0454
"76892","1/15/2020","3/20/2020","Valle del Cauca","Yumbo",0.0454
"76895","1/15/2020","3/20/2020","Valle del Cauca","Zarzal",0.0454
"81001","1/15/2020","3/20/2020","Arauca","Arauca",0.0454
"81065","1/15/2020","3/20/2020","Arauca","Arauquita",0.0454
"81220","1/15/2020","3/20/2020","Arauca","Cravo Norte",0.0454
"81300","1/15/2020","3/20/2020","Arauca","Fortul",0.0454
"81591","1/15/2020","3/20/2020","Arauca","Puerto Rondón",0.0454
"81736","1/15/2020","3/20/2020","Arauca","Saravena",0.0454
"81794","1/15/2020","3/20/2020","Arauca","Tame",0.0454
"85001","1/15/2020","3/20/2020","Casanare","Yopal",0.0454
"85010","1/15/2020","3/20/2020","Casanare","Aguazul",0.0454
"85015","1/15/2020","3/20/2020","Casanare","Chameza",0.0454
"85125","1/15/2020","3/20/2020","Casanare","Hato Corozal",0.0454
"85136","1/15/2020","3/20/2020","Casanare","La Salina",0.0454
"85139","1/15/2020","3/20/2020","Casanare","Maní",0.0454
"85162","1/15/2020","3/20/2020","Casanare","Monterrey",0.0454
"85225","1/15/2020","3/20/2020","Casanare","Nunchía",0.0454
"85230","1/15/2020","3/20/2020","Casanare","Orocué",0.0454
"85250","1/15/2020","3/20/2020","Casanare","Paz de Ariporo",0.0454
"85263","1/15/2020","3/20/2020","Casanare","Pore",0.0454
"85279","1/15/2020","3/20/2020","Casanare","Recetor",0.0454
"85300","1/15/2020","3/20/2020","Casanare","Sabanalarga",0.0454
"85315","1/15/2020","3/20/2020","Casanare","Sácama",0.0454
"85325","1/15/2020","3/20/2020","Casanare","San Luis de Palenque",0.0454
"85400","1/15/2020","3/20/2020","Casanare","Támara",0.0454
"85410","1/15/2020","3/20/2020","Casanare","Tauramena",0.0454
"85430","1/15/2020","3/20/2020","Casanare","Trinidad",0.0454
"85440","1/15/2020","3/20/2020","Casanare","Villanueva",0.0454
"86001","1/15/2020","3/20/2020","Putumayo","Mocoa",0.0454
"86219","1/15/2020","3/20/2020","Putumayo","Colón",0.0454
"86320","1/15/2020","3/20/2020","Putumayo","Orito",0.0454
"86568","1/15/2020","3/20/2020","Putumayo","Puerto Asís",0.0454
"86569","1/15/2020","3/20/2020","Putumayo","Puerto Caicedo",0.0454
"86571","1/15/2020","3/20/2020","Putumayo","Puerto Guzmán",0.0454
"86573","1/15/2020","3/20/2020","Putumayo","Leguízamo",0.0454
"86749","1/15/2020","3/20/2020","Putumayo","Sibundoy",0.0454
"86755","1/15/2020","3/20/2020","Putumayo","San Francisco",0.0454
"86757","1/15/2020","3/20/2020","Putumayo","San Miguel",0.0454
"86760","1/15/2020","3/20/2020","Putumayo","Santiago",0.0454
"86865","1/15/2020","3/20/2020","Putumayo","Valle del Guamuez",0.0454
"86885","1/15/2020","3/20/2020","Putumayo","Villagarzón",0.0454
"88001","1/15/2020","3/20/2020","Archipielago de San Andres, Providencia y Santa Catalina","San Andrés",0.0454
"88564","1/15/2020","3/20/2020","Archipielago de San Andres, Providencia y Santa Catalina","Providencia",0.0454
"91001","1/15/2020","3/20/2020","Amazonas","Leticia",0.0454
"91263","1/15/2020","3/20/2020","Amazonas","El Encanto",0.0454
"91405","1/15/2020","3/20/2020","Amazonas","La Chorrera",0.0454
"91407","1/15/2020","3/20/2020","Amazonas","La Pedrera",0.0454
"91430","1/15/2020","3/20/2020","Amazonas","La Victoria",0.0454
"91460","1/15/2020","3/20/2020","Amazonas","Miriti - Paraná",0.0454
"91530","1/15/2020","3/20/2020","Amazonas","Puerto Alegría",0.0454
"91536","1/15/2020","3/20/2020","Amazonas","Puerto Arica",0.0454
"91540","1/15/2020","3/20/2020","Amazonas","Puerto Nariño",0.0454
"91669","1/15/2020","3/20/2020","Amazonas","Puerto Santander",0.0454
"91798","1/15/2020","3/20/2020","Amazonas","Tarapacá",0.0454
"94001","1/15/2020","3/20/2020","Guainia","Inírida",0.0454
"94343","1/15/2020","3/20/2020","Guainia","Barranco Minas",0.0454
"94663","1/15/2020","3/20/2020","Guainia","Mapiripana",0.0454
"94883","1/15/2020","3/20/2020","Guainia","San Felipe",0.0454
"94884","1/15/2020","3/20/2020","Guainia","Puerto Colombia",0.0454
"94885","1/15/2020","3/20/2020","Guainia","La Guadalupe",0.0454
"94886","1/15/2020","3/20/2020","Guainia","Cacahual",0.0454
"94887","1/15/2020","3/20/2020","Guainia","Pana Pana",0.0454
"94888","1/15/2020","3/20/2020","Guainia","Morichal",0.0454
"95001","1/15/2020","3/20/2020","Guaviare","San José del Guaviare",0.0454
"95015","1/15/2020","3/20/2020","Guaviare","Calamar",0.0454
"95025","1/15/2020","3/20/2020","Guaviare","El Retorno",0.0454
"95200","1/15/2020","3/20/2020","Guaviare","Miraflores",0.0454
"97001","1/15/2020","3/20/2020","Vaupes","Mitú",0.0454
"97161","1/15/2020","3/20/2020","Vaupes","Caruru",0.0454
"97511","1/15/2020","3/20/2020","Vaupes","Pacoa",0.0454
"97666","1/15/2020","3/20/2020","Vaupes","Taraira",0.0454
"97777","1/15/2020","3/20/2020","Vaupes","Papunaua",0.0454
"97889","1/15/2020","3/20/2020","Vaupes","Yavaraté",0.0454
"99001","1/15/2020","3/20/2020","Vichada","Puerto Carreño",0.0454
"99524","1/15/2020","3/20/2020","Vichada","La Primavera",0.0454
"99624","1/15/2020","3/20/2020","Vichada","Santa Rosalía",0.0454
"99773","1/15/2020","3/20/2020","Vichada","Cumaribo",0.0454
